lemma	degree	n_synsets	genders	mw_exact
citraBAnu	86	4	puM	1
viBAvasu	86	4	puM	1
Aditya	79	3	puM	1
puzkara	69	12	klI	1
sarvajYa	68	2	puM	1
viDu	66	4	puM	1
go	65	17	puM|puMstrI|strI	1
BAnu	64	4	puM	1
Siva	63	3	klI|puM	1
arka	62	12	puM	1
Baga	61	9	klI|puM	1
aRqaja	61	5	puM|tri	1
aruRa	61	6	puM|tri	1
ISvara	60	2	puM	1
BIma	59	2	puM|tri	1
anantA	59	5	strI	1
haMsa	58	4	puM	1
kfzRa	58	5	klI|puM	1
taraRi	58	3	puM	1
hari	57	16	puM|tri	1
sUrya	57	9	puM	1
mitra	56	4	klI|puM	1
virocana	56	4	puM	1
Kadyota	55	2	puM	1
braDna	55	2	puM	1
ina	55	3	puM	1
vivasvat	55	3	puM	1
BAskara	54	2	puM	1
BAsvat	54	1	puM	1
CAyAnATa	54	1	puM	0
DAmaniDi	54	1	puM	1
aMSumAlin	54	1	puM	1
abjinIpati	54	1	puM	1
aharpati	54	1	puM	1
ahaskara	54	1	puM	1
aryaman	54	1	puM	1
caRqAMSu	54	1	puM	1
dinamaRi	54	1	puM	1
divAkara	54	2	puM	1
dvAdaSAtman	54	1	puM	1
dyumaRi	54	1	puM	1
grahapati	54	1	puM	1
haridaSva	54	1	puM	1
jagaccakzus	54	1	puM	1
karmasAkzin	54	1	puM	1
lokabAnDava	54	1	puM	1
lokabanDu	54	1	puM	1
mArtaRqa	54	1	puM	1
mihira	54	1	puM	1
pUzan	54	1	puM	1
padmAkza	54	1	puM	1
praBAkara	54	1	puM	1
pradyotana	54	1	puM	1
ravi	54	4	puM	1
sUra	54	1	puM	1
sahasrAMSu	54	1	puM	1
saptASva	54	1	puM	1
savitf	54	1	puM	1
tamisrahan	54	1	puM	0
tapana	54	2	puM	1
tejasAMrASi	54	1	puM	0
trayItanu	54	1	puM	1
tvizAmpati	54	1	puM	1
uzRaraSmi	54	1	puM	1
viBAkara	54	1	puM	1
vikartana	54	1	puM	1
hara	53	4	puM	1
rasA	53	3	strI	1
sTARu	53	3	puM|puMklI	1
vizRu	53	9	puM	1
Bava	52	3	puM	1
ISa	52	2	puM	1
SamBu	52	3	puM	1
maheSvara	52	2	puM	1
ugra	52	3	puM|tri	1
BUteSa	51	1	puM	1
Barga	51	1	puM	1
DUrjawi	51	1	puM	1
ISAna	51	1	puM	1
KaRqaparaSu	51	1	puM	1
SUlin	51	1	puM	1
SaNkara	51	1	puM	1
Sarva	51	2	puM	1
SitikaRWa	51	1	puM	1
SrIkaRWa	51	1	puM	1
Suci	51	9	puM|tri	1
ahirbuDnya	51	1	puM	1
anDakaripu	51	1	puM	1
azwamUrti	51	1	puM	1
candraSeKara	51	1	puM	1
gaNgADara	51	1	puM	1
gajAri	51	1	puM	1
girISa	51	1	puM	1
giriSa	51	1	puM	1
kapAlaBft	51	1	puM	1
kapardin	51	1	puM	1
kfSAnuretas	51	1	puM	1
kfttivAsas	51	1	puM	1
kratuDvaMsin	51	1	puM	1
mahAdeva	51	1	puM	1
mahAnawa	51	1	puM	1
mfqa	51	1	puM	1
mftyuYjaya	51	1	puM	0
nIlalohita	51	1	puM	1
paSupati	51	1	puM	1
pinAkin	51	1	puM	1
pramaTADipa	51	1	puM	1
rudra	51	2	puM	1
samudAya	51	2	puM	1
smarahara	51	1	puM	1
trilocana	51	2	puM	1
tripurAntaka	51	1	puM	1
tryambaka	51	1	puM	1
umApati	51	1	puM	1
vAmadeva	51	1	puM	1
vfzaDvaja	51	1	puM	1
virUpAkza	51	1	puM	1
vyomakeSa	51	1	puM	1
mukunda	50	3	puM	1
keSava	49	2	puM	1
mADava	49	2	puM	1
govinda	48	2	puM	1
vigraha	48	4	puM	1
AtmaBU	47	2	puM	1
SArNgin	47	1	puM	1
SOri	47	1	puM	1
SrIpati	47	1	puM	1
SrIvatsalAYCana	47	1	puM	1
aDokzaja	47	1	puM	1
acyuta	47	1	puM	1
baliDvaMsin	47	1	puM	1
cakrapARi	47	1	puM	1
caturBuja	47	1	puM	1
dAmodara	47	1	puM	1
dEtyAri	47	1	puM	1
devakInandana	47	1	puM	1
garuqaDvaja	47	1	puM	1
hfzIkeSa	47	1	puM	1
indrAvaraja	47	1	puM	1
jalaSAyin	47	1	puM	1
janArdana	47	1	puM	1
kEwaBajit	47	1	puM	1
kaMsArAti	47	1	puM	1
lakzmIpati	47	1	puM	1
maDuripu	47	1	puM	1
murAri	47	1	puM	1
muramardana	47	1	puM	1
nArAyaRa	47	1	puM	1
narakAntaka	47	1	puM	1
pItAmbara	47	1	puM	1
padmanABa	47	1	puM	1
puRqarIkAkza	47	1	puM	1
purARapuruza	47	1	puM	1
puruzottama	47	1	puM	1
svaBU	47	1	puM	1
trivikrama	47	1	puM	1
upendra	47	1	puM	1
vAsudeva	47	1	puM	1
vEkuRWa	47	1	puM	1
vanamAlin	47	1	puM	1
viSvamBara	47	1	puM	1
viSvarUpa	47	1	puM	1
vihAyas	47	3	puM|puMklI	1
vizvaksena	47	1	puM	1
vizwaraSravas	47	1	puM	1
yajYapuruza	47	1	puM	1
SivA	46	7	strI	1
Sukra	44	6	klI|puM	1
pfTvI	44	3	strI	1
bala	43	16	klI|puM	1
jagatI	42	5	strI	1
kamala	42	4	klI|puM	1
sTirA	41	2	strI	1
anIka	40	2	puM|puMklI	1
jyA	40	2	strI	1
ku	40	4	strI	1
samiti	40	5	strI	1
vAjin	40	6	puM	1
BU	39	5	strI	1
DAtrI	39	4	strI	1
agni	39	7	puM	1
kAma	39	7	klI|puM	1
kziti	39	6	strI	1
Kaga	38	6	puM	1
Sakra	38	3	puM	1
gotrA	38	2	strI	1
ilA	38	4	strI	1
karbura	38	4	klI|puM	1
niDana	38	4	klI|puMklI	1
patrin	38	5	puM	0
viDi	38	7	puM	1
BUmi	37	1	strI	1
BUtaDAtrI	37	1	strI	1
DarA	37	1	strI	1
DaraRi	37	1	strI	1
DaritrI	37	1	strI	1
acalA	37	1	strI	1
avani	37	1	strI	1
gahvarI	37	1	strI	1
indra	37	4	puM	1
kASyapI	37	1	strI	1
kumBinI	37	1	strI	1
kzamA	37	2	strI	1
kzmA	37	1	strI	1
kzoRi	37	1	strI	1
mahI	37	1	strI	1
medinI	37	1	strI	1
pfTivI	37	1	strI	1
ratnagarBA	37	1	strI	1
sAgarAmbarA	37	1	strI	1
sarvaMsahA	37	1	strI	1
urvI	37	1	strI	1
vasuDA	37	1	strI	1
vasumatI	37	1	strI	1
vasunDarA	37	1	strI	0
viSvamBarA	37	1	strI	1
vipulA	37	1	strI	1
jizRu	36	2	puM	1
aBra	35	2	klI	1
amfta	35	7	klI	1
kaYcukin	35	2	puM	1
vahni	35	5	puM	1
vyAla	35	5	puM|tri	1
AKaRqala	34	1	puM	1
SacIpati	34	1	puM	1
Satamanyu	34	1	puM	1
anala	34	2	puM	1
balArAti	34	1	puM	1
biqOjas	34	1	puM	0
brahman	34	8	klI|puM	1
divaspati	34	1	puM	1
duScyavana	34	1	puM	1
fBukzin	34	1	puM	1
garutmat	34	4	puM	1
gotraBid	34	1	puM	1
harihaya	34	1	puM	1
jamBaBedin	34	1	puM	1
leKarzaBa	34	1	puM	1
maGavan	34	1	puM	1
marutvat	34	1	puM	1
meGavAhana	34	1	puM	1
namucisUdana	34	1	puM	1
pAkaSAsana	34	1	puM	1
pUrva	34	5	puM|tri	1
purandara	34	1	puM	0
puruhUta	34	1	puM	1
saNkrandana	34	1	puM	0
sahasrAkza	34	1	puM	1
sarpa	34	4	puM	1
sunAsIra	34	1	puM	1
surapati	34	1	puM	1
sutrAman	34	1	puM	1
svArAj	34	1	puM	1
turAzA	34	1	puM	0
vAsava	34	1	puM	1
vAstozpati	34	1	puM	1
vajrin	34	1	puM	1
vana	34	7	klI	1
vfdDaSravas	34	1	puM	1
vftrahan	34	1	puM	1
vfzan	34	1	puM	1
ASrayASa	33	1	puM	1
ASuSukzaRi	33	1	puM	1
Aji	33	5	strI	1
DanaYjaya	33	1	puM	0
SiKAvat	33	1	puM	1
SocizkeSa	33	1	puM	1
Suzman	33	1	puM	1
ahi	33	3	puM	1
appitta	33	1	klI	1
barhi	33	1	puM	1
bfhadBAnu	33	1	puM	1
dahana	33	1	puM	1
damunas	33	1	puM	1
havyavAhana	33	1	puM	1
hiraRyaretas	33	1	puM	1
hrAdinI	33	3	strI	1
hutaBuj	33	1	puM	1
jAtavedas	33	1	puM	1
jvalana	33	1	puM	1
kfSAnu	33	1	puM	1
kfpIwayoni	33	1	puM	1
kfzRavartman	33	1	puM	1
pAvaka	33	2	puM	1
raRa	33	5	puM	1
rohitASva	33	1	puM	1
saptArcis	33	1	puM	1
tanUnapAt	33	1	puM	1
uzarbuDa	33	1	puM	1
vAyusaKa	33	1	puM	1
vESvAnara	33	1	puM	1
vItihotra	33	1	puM	1
ASIviza	32	1	puM	1
BogI	32	1	puM	0
BogaDara	32	1	puM	0
BujaNga	32	1	puM	0
BujaNgama	32	1	puM	0
Bujaga	32	1	puM	1
PaRaDara	32	1	puM	1
PaRin	32	1	puM	1
bileSaya	32	1	puM	1
cakrin	32	1	puM	1
cakzuHSravas	32	1	puM	1
dIrGapfzWa	32	1	puM	1
dandaSUka	32	1	puM	1
darvIkara	32	1	puM	1
dvirasana	32	1	puM	1
gUQapAd	32	1	puM	0
gokarRa	32	3	puM	1
hEmavatI	32	4	strI	1
janya	32	3	puM|tri	1
jihmaga	32	1	puM	1
kAkodara	32	1	puM	1
kuRqalin	32	1	puM	1
kumBInasa	32	1	puM	1
lelihAna	32	1	puM	1
pannaga	32	1	puM	1
pavanASana	32	1	puM	1
pfdAku	32	1	puM	1
sarIsfpa	32	1	puM	1
uraga	32	1	puM	1
vizaDara	32	1	puM	1
hiraRya	31	3	klI	1
jIvana	31	2	klI	1
kalaha	31	2	puM	1
kali	31	2	puM	1
latA	31	6	strI	1
samara	31	2	puM	1
samit	31	2	strI	1
sparSana	31	2	klI|puM	1
sumanas	31	3	puM|strI	1
yuD	31	2	strI	1
yudDa	31	2	klI	1
ASuga	30	4	puM	1
Ahava	30	1	puM	1
Askandana	30	1	klI	1
AyoDana	30	1	klI	1
Buvana	30	3	klI	1
DAtf	30	3	puM	1
DarmarAja	30	4	puM	1
aBisampAta	30	1	puM	1
aByAgama	30	1	puM	1
aByAmarda	30	1	puM	1
ap	30	7	strIba	1
kftin	30	2	puM|tri	1
mAraRa	30	2	klI	1
madana	30	3	puM	1
mfDa	30	1	klI	1
praDana	30	1	klI	1
pravidAraRa	30	1	klI	1
sAmparAyika	30	1	klI	1
saMsPowa	30	1	puM	1
saMyat	30	1	strI	1
saMyuga	30	1	puM	1
saNKya	30	1	klI	0
saNgrAma	30	1	puM	0
samAGAta	30	1	puM	1
samIka	30	1	klI	1
samprahAra	30	1	puM	1
unmATa	30	2	puM	1
veDas	30	3	puM	1
AlamBa	29	1	puM	1
GAta	29	1	puM	1
apAsana	29	1	klI	1
arizwa	29	8	klI|puM	1
kraTana	29	1	klI	1
kzaRana	29	1	klI	1
nibarhaRa	29	1	klI	1
nihanana	29	1	klI	1
nihiMsana	29	1	klI	1
nikAraRa	29	1	klI	1
nirgranTana	29	1	klI	1
nirvApaRa	29	1	klI	1
nirvAsana	29	1	klI	1
nistarhaRa	29	1	klI	1
nizUdana	29	1	klI	1
parAsana	29	1	klI	1
parivarjana	29	1	klI	1
piYja	29	1	puM	1
pitAmaha	29	2	puM	1
pramApaRa	29	1	klI	1
pramaTana	29	1	klI	1
pratiGAtana	29	1	klI	1
pravAsana	29	1	klI	1
saMjYapana	29	1	klI	1
saMvid	29	9	strI	1
udvAsana	29	1	klI	1
ujjAsana	29	1	klI	1
vaDa	29	1	puM	1
viSAraRa	29	1	klI	1
viSara	29	1	puM	1
viSasana	29	1	klI	1
Barman	28	2	klI	1
abjayoni	28	1	puM	1
caturAnana	28	1	puM	1
deva	28	3	puM	1
druhiRa	28	1	puM	1
dvija	28	4	puM	1
haMsavAhana	28	1	puM	1
hiraRyagarBa	28	1	puM	1
kamalAsana	28	1	puM	1
kamalodBava	28	1	puM	1
lokeSa	28	1	puM	1
nABijanman	28	1	puM	1
pakzin	28	6	puM	1
paramezWin	28	1	puM	1
prajApati	28	2	puM	1
rajomUrtin	28	1	puM	0
sadAnanda	28	1	puM	1
satyaka	28	1	puM	1
srazwf	28	1	puM	1
surajyezWa	28	1	puM	1
svayamBU	28	1	puM	1
vAri	28	3	klI	1
viDAtf	28	1	puM	1
viSvasfj	28	1	puM	1
viriYci	28	1	puM	1
Sakunta	27	2	puM	1
ambu	27	2	klI	1
buDa	27	8	puM	1
candra	27	6	puM	1
dasyu	27	2	puM	1
div	27	2	strI	1
dyo	27	2	strI	1
jala	27	3	klI	1
kIlAla	27	3	klI	1
kzIra	27	3	klI	1
nAka	27	4	puM	1
payas	27	2	klI	1
sat	27	7	puM|tri	1
tanu	27	5	strI|tri	1
vfndAraka	27	3	puM|tri	1
Ganarasa	26	1	puM	1
Sakuna	26	2	klI|puM	1
Sakuni	26	1	puM	1
Sakunti	26	1	puM	1
Sambara	26	2	klI|puM	1
amBas	26	2	klI	1
amara	26	2	puM	1
arRas	26	1	klI	1
divOkas	26	2	puM	1
kabanDa	26	2	klI|puMklI	1
kavi	26	2	puM	1
meGapuzpa	26	2	klI	1
nIqodBava	26	1	puM	1
nIra	26	1	klI	1
naBasaNgama	26	1	puM	0
nagOkas	26	1	puM	1
pATa	26	1	klI	1
pAnIya	26	1	klI	1
pataga	26	1	puM	1
patat	26	1	puM	1
patatri	26	1	puM	1
patatrin	26	1	puM	1
patraraTa	26	1	puM	0
pitsant	26	1	puM	0
salila	26	2	klI	1
sarvatomuKa	26	1	klI	1
sura	26	2	puM	1
toya	26	1	klI	1
udaka	26	1	klI	1
vAr	26	1	klI	1
vi	26	1	puM	1
vihaNga	26	1	puM	0
vihaNgama	26	1	puM	0
vihaga	26	2	puM	1
vikira	26	1	puM	1
vizkira	26	1	puM	1
Aditeya	25	1	puM	1
aditinandana	25	1	puM	1
amartya	25	1	puM	1
amftAnDas	25	1	puM	1
arvan	25	3	puM|tri	1
asvapna	25	1	puM	1
barhirmuKa	25	1	puM	1
dAnavAri	25	1	puM	1
dEvata	25	2	puM|puMklI	1
devatA	25	1	strI	1
divizad	25	1	puM	1
fBava	25	1	puM	0
gIrvARa	25	1	puM	1
kratuBuj	25	1	puM	1
leKa	25	1	puM	1
manmaTa	25	2	puM	1
nirjaras	25	1	puM	0
padmA	25	3	strI	1
para	25	5	klI|puM|tri	1
priyaka	25	4	puM	1
sama	25	4	tri	1
suparvan	25	1	puM	1
tridaSa	25	1	puM	1
tridiveSa	25	1	puM	1
vfnda	25	8	klI	1
vibuDa	25	1	puM	1
Svasana	24	2	puM	1
kAla	24	8	puM	1
nAga	24	6	puM	1
puRya	24	7	klI|tri	1
vidvas	24	4	puM|tri	1
vinAyaka	24	3	puM	1
vraja	24	5	puM	1
SreyasI	23	3	strI	1
ananta	23	3	klI|puM|tri	1
budDa	23	2	puM|tri	1
dfQa	23	4	klI|tri	1
gOrI	23	4	strI	1
kadambaka	23	2	klI|puM	1
kzullaka	23	3	puM|tri	1
naBas	23	4	klI|puM	1
oGa	23	4	puM	1
plava	23	5	klI|puM	1
praDAna	23	8	klI	1
samIraRa	23	2	puM	1
samUha	23	3	puM	1
stoma	23	4	puM	1
vfza	23	9	puM	1
Ka	22	3	klI	1
Sasta	22	2	klI|tri	1
SyAmA	22	5	strI	1
ambara	22	3	klI	1
caya	22	2	puM	1
draviRa	22	5	klI	1
gaRa	22	4	puM	1
kuSala	22	6	klI|tri	1
paRqita	22	3	puM	1
prAjYa	22	2	puM	1
saMhati	22	2	strI	1
saNGAta	22	4	puM	0
samavAya	22	2	puM	1
samudaya	22	2	puM	1
svarRa	22	5	klI	1
umA	22	2	strI	1
vAra	22	3	puM	1
vaDU	22	6	strI	1
vfjina	22	3	klI|puM|tri	1
vyUha	22	3	puM	1
AkASa	21	2	puMklI	1
BfNga	21	3	klI|puM	1
DImat	21	1	puM	1
DIra	21	1	puM	1
Gana	21	9	klI|puM|tri	1
abja	21	3	puM	1
agra	21	5	klI|tri	1
alpa	21	8	tri	1
amftA	21	3	strI	1
antarikza	21	1	klI	1
asra	21	4	klI|puM	1
dIrGadarSin	21	1	puM	1
dUradarSin	21	1	puM	1
dozajYa	21	1	puM	1
druta	21	5	klI|tri	1
dyus	21	1	a	1
gagana	21	1	klI	1
gotra	21	3	klI|puM	1
heman	21	5	klI	1
jEvAtfka	21	3	puM|tri	1
jYa	21	1	puM	1
kAlA	21	3	strI	1
kfzwi	21	1	puM	1
kovida	21	1	puM	1
laGu	21	4	klI|puM|tri	1
labDavarRa	21	1	puM	1
mahAbila	21	1	klI	1
manIzin	21	1	puM	1
marut	21	4	puM	1
meGADvan	21	1	klI	1
nikara	21	1	puM	1
nikuramba	21	1	klI	1
nivaha	21	3	puM	1
pavana	21	3	klI|puM	1
sUrin	21	1	puM	1
saNKyAvat	21	1	puM	0
saYcaya	21	1	puM	0
samudrAntA	21	3	strI	1
sandoha	21	1	puM	0
sarasvatI	21	3	strI	1
sita	21	11	puM|tri	1
suDI	21	1	puM	1
suravartman	21	1	klI	1
suvahA	21	5	strI	0
tArApaTa	21	1	puM	1
vicakzaRa	21	1	puM	1
vihAyasa	21	1	puM	1
vipaScit	21	1	puM	1
visara	21	1	puM	1
viyat	21	1	klI	1
vizRupada	21	1	klI	1
vrAta	21	1	puM	1
vyoman	21	3	klI	1
yama	21	8	puM	1
AryA	20	1	strI	1
BavAnI	20	1	strI	1
ISvarI	20	1	strI	0
SarvARI	20	1	strI	1
ambikA	20	1	strI	1
anila	20	3	puM	1
aparRA	20	1	strI	1
caRqikA	20	1	strI	1
candramas	20	2	puM	1
dAkzAyaRI	20	1	strI	1
durgA	20	1	strI	1
girijA	20	1	strI	1
indu	20	2	puM	1
jImUta	20	5	puM	1
kAlI	20	1	strI	1
kAtyAyanI	20	2	strI	1
mAruta	20	2	puM	1
menakAtmajA	20	1	strI	1
mfgANka	20	2	puM	1
mfqAnI	20	1	strI	1
pArvatI	20	1	strI	1
rudrARI	20	1	strI	1
sarvamaNgalA	20	1	strI	1
truwi	20	5	strI	1
vAyu	20	3	puM	1
vasu	20	8	klI|puM|puMba	1
Badra	19	2	klI|puM	1
SaSaDara	19	1	puM	1
SambarAri	19	1	puM	1
SuBrAMSu	19	1	puM	1
anaNga	19	1	puM	1
ananyaja	19	1	puM	1
anna	19	3	klI|tri	1
ari	19	2	puM	1
azwApada	19	2	puMklI	1
darpaka	19	1	puM	1
dvijarAja	19	1	puM	1
dviz	19	2	puM	1
gANgeya	19	3	klI	1
ganDavAha	19	1	puM	1
ganDavaha	19	1	puM	1
gfha	19	6	klI|puMba	1
glO	19	1	puM	1
himAMSu	19	1	puM	1
jagatprARa	19	1	puM	1
kalAniDi	19	1	puM	1
kandarpa	19	1	puM	1
kftAnta	19	9	puM	1
kuYjara	19	2	puM	1
kubera	19	3	puM	1
kumudabAnDava	19	1	puM	1
kusumezu	19	1	puM	1
kzapAkara	19	1	puM	1
mAra	19	1	puM	1
mArgaRa	19	3	klI|puM|tri	1
mAtariSvan	19	1	puM	1
mInaketana	19	1	puM	1
makaraDvaja	19	1	puM	1
manasija	19	1	puM	1
naBasvat	19	1	puM	1
nakzatreSa	19	1	puM	1
niSApati	19	1	puM	1
ozaDISa	19	1	puM	1
paYcaSara	19	1	puM	1
paYcabARa	19	1	puM	1
pavamAna	19	1	puM	1
pfzadaSva	19	1	puM	1
praBaYjana	19	1	puM	1
pradyumna	19	1	puM	1
puzpaDanvan	19	1	puM	1
rAma	19	6	puM|tri	1
ratipati	19	1	puM	1
sadAgati	19	1	puM	1
samIra	19	1	puM	1
siMha	19	3	puM	1
smara	19	1	puM	1
soma	19	1	puM	1
suDAMSu	19	1	puM	1
suvarRa	19	2	klI|puMklI	1
vAta	19	1	puM	1
vitta	19	3	klI|tri	1
BArgavI	18	2	strI	1
SAtakumBa	18	1	klI	1
SAtrava	18	1	puM	1
Sabda	18	5	puM	1
Satru	18	2	puM	1
aBiGAtin	18	1	puM	1
aBitas	18	6	a	1
agriya	18	2	puM|tri	1
ahita	18	1	puM	1
amitra	18	1	klI	1
arAti	18	1	puM	1
cAmIkara	18	1	klI	1
cakra	18	7	klI|puM	1
capalA	18	2	strI	1
dAna	18	5	klI	1
devI	18	3	strI	1
durhfd	18	1	puM	1
dvezaRa	18	1	puM	1
dvizat	18	1	puM	1
grAvan	18	4	puM	1
guRa	18	10	puM|tri	1
hAwaka	18	1	klI	1
jAmbUnada	18	1	klI	1
jAtarUpa	18	1	klI	1
kAYcana	18	1	klI	1
kArtasvara	18	1	klI	1
kanaka	18	1	klI	1
kola	18	3	klI|puM	1
kumAra	18	2	puM	1
kuwannawa	18	2	klI|puM	1
kzema	18	5	puM|puMklI	1
kzmABft	18	2	puM	1
lakzmI	18	3	strI	1
mahArajata	18	1	klI	1
muKya	18	4	puM|tri	1
muni	18	2	puM	1
nirBara	18	2	klI	1
paripanTin	18	1	puM	1
pratyarTin	18	1	puM	1
rOhiReya	18	2	puM	1
rakta	18	4	klI|puM|tri	1
rava	18	3	puM	1
ripu	18	1	puM	1
rucaka	18	4	klI|puM	1
rukma	18	1	klI	1
sADu	18	4	tri	1
sapatna	18	1	puM	1
tapanIya	18	1	klI	1
vErin	18	1	puM	1
vipakza	18	1	puM	1
ArAva	17	2	puM	1
Bagavat	17	1	puM	1
DanADipa	17	1	puM	1
Danada	17	1	puM	1
Elavila	17	1	puM	1
SAstf	17	1	puM	1
SrI	17	4	strI	1
SrIGana	17	1	puM	1
SrIda	17	1	puM	1
advayavAdin	17	1	puM	1
ali	17	3	puM	1
antika	17	4	tri	1
arTa	17	7	puM	1
arjuna	17	4	klI|puM	1
daSabala	17	1	puM	1
ekapiNga	17	1	puM	1
fzyaproktA	17	2	strI	0
garhya	17	5	tri	1
guhyakeSvara	17	1	puM	1
janeSvara	17	1	puM	1
jina	17	2	puM	1
kAravI	17	4	strI	1
kinnareSa	17	1	puM	0
lokajit	17	1	puM	1
mArajit	17	1	puM	1
manuzyaDarman	17	1	puM	1
munIndra	17	1	puM	1
naravAhana	17	1	puM	1
pApa	17	6	klI|tri	1
pOlastya	17	1	puM	1
paRa	17	10	puM	1
rAjarAja	17	1	puM	1
samantaBadra	17	1	puM	1
senAnI	17	2	puM	1
sugata	17	2	puM	1
tAlANka	17	2	puM	1
taTAgata	17	1	puM	1
tryambakasaKa	17	1	puM	1
uttama	17	2	tri	1
vAraRa	17	3	puM	1
vESravaRa	17	1	puM	1
vaMSa	17	4	puM	1
viSva	17	3	klI|strIklI	1
yakza	17	2	puM	1
yakzarAj	17	1	puM	1
zaqaBijYa	17	1	puM	1
Arava	16	1	puM	1
AvidDa	16	2	tri	1
DvAna	16	1	puM	1
Dvani	16	1	puM	1
SaktiDara	16	1	puM	1
Sarajanman	16	1	puM	1
SiKivAhana	16	1	puM	1
Sveta	16	3	klI|puM	1
aDama	16	6	tri	1
acyutAgraja	16	1	puM	1
agniBU	16	1	puM	1
agrIya	16	1	tri	1
agrya	16	1	tri	1
akza	16	12	klI|puM|puMklI	1
ambazWA	16	3	strI	1
anavarArDya	16	1	tri	1
anuttama	16	1	tri	1
bAhuleya	16	1	puM	1
balaBadra	16	1	puM	1
baladeva	16	1	puM	1
dravya	16	5	klI	1
fkza	16	2	klI|puM	1
guha	16	1	puM	1
halAyuDa	16	1	puM	1
halin	16	1	puM	1
ikzuganDA	16	4	strI	1
kAlindIBedana	16	1	puM	1
kAmapAla	16	1	puM	1
kArtikeya	16	1	puM	0
kOSika	16	8	puM	1
krOYcadAraRa	16	1	puM	1
mA	16	2	a|strI	1
mArga	16	5	puM	1
maDuparRikA	16	2	strI	1
mahAsena	16	1	puM	1
mahOzaDa	16	3	klI	1
musalin	16	1	puM	1
nAda	16	1	puM	1
nIlAmbara	16	1	puM	1
nawa	16	2	puM	1
ninAda	16	1	puM	1
ninada	16	1	puM	1
nirGoza	16	1	puM	1
nirhrAda	16	1	puM	1
nisvAna	16	1	puM	1
nisvana	16	1	puM	1
pArvatInandana	16	1	puM	1
pItana	16	3	klI|puM	1
parArDya	16	1	tri	1
prAgrahara	16	1	tri	1
prAgrya	16	1	tri	1
pralambaGna	16	1	puM	1
pramuKa	16	1	tri	1
pravarha	16	1	tri	0
praveka	16	1	tri	1
puruza	16	5	puM	1
rajanI	16	2	strI	1
revatIramaRa	16	1	puM	1
sArasa	16	2	klI|puM	1
sIrapARi	16	1	puM	1
saMrAva	16	1	puM	1
saNkarzaRa	16	1	puM	0
samIpa	16	4	tri	1
sarit	16	2	strI	1
sinDu	16	4	puM|strI	1
skanda	16	1	puM	1
sravantI	16	2	strI	1
svAna	16	1	puM	1
svana	16	1	puM	1
tArakajit	16	1	puM	1
vareRya	16	1	tri	1
varya	16	1	tri	1
viSAKa	16	1	puM	1
vidita	16	2	tri	1
virAva	16	1	puM	1
zARmAtura	16	1	puM	1
zaqAnana	16	1	puM	1
AcCAdana	15	6	klI	1
ApagA	15	1	strI	1
DunI	15	1	strI	1
PalinI	15	2	strI	1
SEla	15	7	puM	1
SEvalinI	15	1	strI	1
Samana	15	2	puM	1
Satapatra	15	1	klI	0
Sreyas	15	3	klI|tri	1
amBoruha	15	1	klI	1
anta	15	3	puM|puMklI	1
aravinda	15	2	klI	1
bARa	15	6	puM	1
bisaprasUna	15	1	klI	1
budDi	15	3	strI	1
cit	15	2	a|strI	1
citraka	15	3	klI|puM	1
dvIpavatI	15	1	strI	1
evam	15	6	a	1
fzaBa	15	4	puM	1
gOra	15	5	puM|tri	1
gaja	15	3	puM	1
iBa	15	2	puM	1
izu	15	5	puMstrI	1
kUlaNkazA	15	1	strI	0
kaRa	15	3	puM	1
kuSeSaya	15	1	klI	1
kuwa	15	2	puM	1
lava	15	2	puM	1
mAtrA	15	4	strI	1
mahotpala	15	1	klI	1
mandira	15	2	klI	1
nAman	15	11	a|klI	1
nErfta	15	2	puM	1
nadI	15	1	strI	1
nalina	15	1	klI	1
nikawa	15	2	tri	1
nilaya	15	2	puM	1
nimnagA	15	1	strI	1
nirJariRI	15	1	strI	1
paNka	15	2	puMklI	1
paNkeruha	15	1	klI	1
padma	15	3	puMklI	1
pfTu	15	3	puM|tri	1
prARa	15	4	puM	1
pratipad	15	3	strI	1
puRqarIka	15	4	klI|puM	1
rAjIva	15	2	klI|puM	1
rasa	15	12	puM	1
roDovakrA	15	1	strI	1
sEnDava	15	2	puM|puMklI	1
sOvIra	15	3	klI	1
sadman	15	3	klI	1
sahasrapatra	15	1	klI	0
sarasIruha	15	1	klI	1
sarasvat	15	3	puM	1
srotasvinI	15	1	strI	1
tAmarasa	15	1	klI	1
taraNgiRI	15	1	strI	0
tawinI	15	1	strI	1
tvarita	15	2	klI|puM	1
vara	15	6	klI|puM|tri	1
veSman	15	2	klI	1
vellita	15	2	tri	1
ASara	14	1	puM	1
AgAra	14	1	klI	1
Alaya	14	1	puM	1
Asanna	14	1	tri	1
Bavana	14	1	klI	1
BfSa	14	3	klI	1
Bramara	14	1	puM	1
DArADara	14	1	puM	1
DI	14	2	strI	1
DUmayoni	14	1	puM	1
Dana	14	5	klI	1
SAta	14	2	klI	1
Sara	14	6	puM	1
aByASa	14	1	tri	1
aByagra	14	1	tri	1
aByarRa	14	1	tri	1
abDi	14	2	puM	1
adri	14	4	puM	1
akUpAra	14	1	puM	1
alin	14	1	puM	1
ambuBft	14	1	puM	1
anekapa	14	1	puM	1
apAmpati	14	1	puM	1
arRava	14	2	puM	1
asrapa	14	1	puM	1
atiSaya	14	2	puM	1
atyaya	14	6	puM	1
avadAta	14	4	puM|tri	1
avyaTA	14	2	strI	1
bAQa	14	3	klI	1
bAla	14	7	klI|puM	1
balAhaka	14	2	puM	1
bamBara	14	1	puM	1
bila	14	3	klI	1
cAru	14	4	tri	1
caYcarIka	14	1	puM	1
capala	14	3	klI|puM|tri	1
cetanA	14	2	strI	1
dantAvala	14	1	puM	1
dantin	14	1	puM	1
dvipa	14	1	puM	1
dvirada	14	1	puM	1
dvirePa	14	1	puM	1
ganDarva	14	6	puM	1
geha	14	1	puMklI	1
grasta	14	2	klI|tri	1
hastin	14	2	puM	1
indindira	14	1	puM	0
irA	14	5	strI	1
itara	14	4	puM|tri	1
jalaDara	14	1	puM	1
jalamuc	14	1	puM	1
jalaniDi	14	1	puM	1
kAka	14	5	puM	1
kAlamezikA	14	2	strI	1
kORapa	14	1	puM	1
karin	14	1	puM	1
kftsna	14	2	tri	1
kravyAd	14	1	puM	1
kravyAda	14	1	puM	1
lipta	14	2	tri	1
loha	14	5	klI|puMklI	1
maDukara	14	1	puM	1
maDuliha	14	1	puM	0
maDupa	14	1	puM	1
maDuvrata	14	1	puM	1
manojYa	14	4	tri	1
mataNgaja	14	1	puM	0
meGa	14	3	puM	1
mudira	14	1	puM	1
nIlI	14	2	strI	1
niSAnta	14	1	klI	1
nikAyya	14	1	puM	1
nikazAtmaja	14	1	puM	1
niketana	14	1	klI	1
nitya	14	4	klI|tri	1
pArAvAra	14	1	puM	1
pUrRa	14	2	tri	1
padmin	14	1	puM	1
pitfpati	14	2	puM	1
prajYA	14	3	strI	1
pralaya	14	3	puM	1
prekzA	14	3	strI	1
puRyajana	14	1	puM	1
puzpalih	14	1	puM	1
rAkzasa	14	1	puM	1
rAtriYcara	14	1	puM	0
rAtricara	14	1	puM	1
raSmi	14	7	puM	1
rakzas	14	1	puM	1
ratnAkara	14	1	puM	1
rolamba	14	1	puM	1
sAgara	14	1	puM	1
sUkzma	14	2	klI|tri	1
sadana	14	1	klI	1
sadeSa	14	1	tri	1
samaryAda	14	1	tri	1
samudra	14	1	puM	1
sanIqa	14	1	tri	1
sannikfzwa	14	1	tri	0
saritpati	14	1	puM	1
saveSa	14	1	tri	1
saviDa	14	1	tri	1
spfhA	14	4	strI	1
stamberama	14	1	puM	1
stanayitnu	14	1	puM	1
stoka	14	2	tri	1
taqitvat	14	1	puM	1
tarza	14	3	puM	1
tutTA	14	2	strI	1
udaDi	14	1	puM	1
udanvat	14	1	puM	1
udavasita	14	1	klI	1
upakaRWa	14	1	tri	1
vArida	14	1	puM	1
vArivAha	14	1	puM	1
vastya	14	1	klI	1
vfkza	14	3	puM	1
viS	14	4	puM|strI	1
yAdaHpati	14	1	puM	1
yAtu	14	1	klI	1
yAtuDAna	14	1	puM	1
zawpada	14	1	puM	1
ASu	13	4	klI|tri	1
Ananda	13	2	puM	1
Bakzita	13	1	tri	1
Bara	13	1	puM	1
Bukta	13	1	tri	1
Davala	13	2	puM	1
DizaRA	13	1	strI	1
DvANkza	13	3	puM	1
KAdita	13	1	tri	1
Pala	13	10	klI	1
SAKin	13	2	puM	1
SemuzI	13	1	strI	1
SiKarin	13	3	puM	1
SlakzRa	13	1	tri	1
SrAdDadeva	13	1	puM	1
SuBra	13	3	puM|tri	1
aByavahfta	13	1	tri	1
aGa	13	4	klI	1
aKaRqa	13	1	tri	1
aKila	13	1	tri	1
aRu	13	2	puM	1
aSeza	13	1	tri	1
aSita	13	1	tri	1
anUnaka	13	1	tri	1
antaka	13	1	puM	1
antara	13	13	klI	1
atimAtra	13	1	klI	1
ativela	13	1	klI	1
atyarTa	13	1	klI	1
bahula	13	3	puM|tri	1
carvita	13	1	tri	1
citrakAya	13	1	puM	1
daBra	13	1	tri	1
daRqaDara	13	1	puM	1
deha	13	5	puMklI	1
divAkIrti	13	2	puM	1
drava	13	3	puM	1
druma	13	2	puM	1
ekAnta	13	1	klI	1
gAQa	13	1	klI	1
gilita	13	1	tri	1
giri	13	2	puM|strI	1
glasta	13	1	tri	1
hariRa	13	5	puM|tri	1
haripriyA	13	1	strI	1
haryakza	13	1	puM	1
harza	13	4	puM	1
indirA	13	1	strI	1
jYapti	13	1	strI	1
jagDa	13	1	tri	1
janana	13	2	klI	1
kAya	13	4	klI|puM	1
kUwa	13	11	puMklI	1
kaRWIrava	13	1	puM	1
kaluza	13	2	klI|tri	1
kamalA	13	1	strI	1
kara	13	8	puM	1
karawa	13	3	puM	1
kesarin	13	1	puM	1
kfSa	13	1	tri	1
krUra	13	5	tri	1
kzIrasAgarakanyakA	13	1	strI	0
kzIrodatanayA	13	1	strI	1
kzudrA	13	6	strI	1
leSa	13	1	puM	1
lokajananI	13	1	strI	1
lokamAtf	13	1	strI	1
mUlya	13	4	klI	1
mUrti	13	3	strI	1
maDurasA	13	2	strI	1
maNgala	13	3	klI	1
madya	13	3	klI	1
manIzA	13	1	strI	1
mati	13	1	strI	1
mfgASana	13	1	puM	1
mfgAri	13	1	puM	1
mfgadfzwi	13	1	puM	0
mfgadviz	13	1	puM	1
mfgendra	13	1	puM	1
nIca	13	4	puM	1
niHSeza	13	1	tri	1
niKila	13	1	tri	1
nikfzwa	13	2	tri	1
nitAnta	13	1	klI	1
niyama	13	5	puM	1
paYcAsya	13	1	puM	1
paYcanaKa	13	1	puM	1
padmAlayA	13	1	strI	1
paretarAj	13	1	puM	1
parvata	13	2	puM	1
patra	13	5	klI	0
piRqa	13	3	klI|puM	1
piSuna	13	4	klI|tri	1
pratyakSreRI	13	2	strI	1
pratyavasita	13	1	tri	1
psAta	13	1	tri	1
rAtri	13	3	strI	1
rE	13	3	puM	1
ramA	13	1	strI	1
rePa	13	3	puM|tri	1
ruci	13	4	strI	1
saBA	13	6	strI	1
sakala	13	1	tri	1
samAna	13	5	puM|tri	1
samagra	13	1	tri	1
samasta	13	1	tri	1
samavartin	13	1	puM	1
sarva	13	1	tri	1
suKa	13	3	klI	1
surA	13	4	strI	1
tIvra	13	1	klI	1
taras	13	2	klI	1
taru	13	2	puM	1
tfz	13	2	strI	1
turaNga	13	2	puM	0
tviz	13	4	strI	1
udgAQa	13	1	klI	1
upalabDi	13	1	strI	1
vEvasvata	13	1	puM	1
varzman	13	4	klI	1
viDA	13	4	strI	1
viSalyA	13	3	strI	1
viwapin	13	2	puM	1
yamarAj	13	1	puM	1
yamunABrAtf	13	1	puM	1
ASrava	12	2	puM|tri	1
Amoda	12	3	puM	1
AtmaGoza	12	1	puM	1
BIru	12	3	strI|tri	1
BUri	12	2	puM|tri	1
Bavya	12	2	klI	1
Cavi	12	2	strI	1
Dara	12	1	puM	1
GfRi	12	3	puM	1
Gowaka	12	1	puM	1
Kewa	12	1	tri	1
SAla	12	2	puM	1
SIta	12	4	klI|puM|tri	1
SItaSiva	12	3	klI|puM	1
Sakti	12	5	strI	1
SarIra	12	2	klI	1
Siloccaya	12	1	puM	1
SuBa	12	2	klI	1
Sukla	12	3	puM	1
Syeta	12	1	puM	1
aBilAza	12	2	puM	1
aDvan	12	3	puM	1
aMSu	12	5	puM	1
aMhati	12	1	strI	1
aRaka	12	1	tri	1
aSva	12	3	puM	1
acala	12	1	puM	1
agama	12	1	puM	1
ahArya	12	1	puM	1
anokaha	12	1	puM	1
apavarjana	12	1	klI	1
arcA	12	3	strI	1
avadya	12	1	tri	1
avalakza	12	1	puM	1
avama	12	1	tri	1
bahu	12	2	tri	1
baliBuj	12	1	puM	1
balipuzwa	12	1	puM	1
bfhatI	12	4	strI	1
ciraYjIvin	12	1	puM	0
dIpti	12	3	strI	1
dru	12	1	puM	1
dyumna	12	1	klI	1
dyuti	12	2	strI	1
ekadfzwi	12	1	puM	1
enas	12	2	klI	1
fkTa	12	1	klI	1
gAtra	12	3	klI	1
gopa	12	5	puM	1
gundrA	12	2	strI	1
guru	12	6	puM	1
haya	12	1	puM	1
icCA	12	3	strI	1
indriya	12	7	klI	1
kAnta	12	2	tri	1
kEtava	12	3	klI	1
kaRA	12	2	strI	1
kaSya	12	3	klI|tri	1
kalamba	12	2	puM	1
kalya	12	4	klI|tri	1
kilbiza	12	2	klI	1
kramuka	12	4	puM	1
kroqa	12	2	puM|strIklI	1
kupUya	12	1	tri	1
kutsita	12	3	tri	1
kzaya	12	9	puM	1
lIlA	12	4	strI	1
lipsA	12	2	strI	1
mAgaDI	12	2	strI	1
mAtf	12	3	strI	1
mOkali	12	1	puM	1
mahIDra	12	1	puM	1
mahIruha	12	1	puM	1
mayUKa	12	4	puM	1
mayUra	12	2	puM	1
mokza	12	3	puM	1
nASa	12	5	puM	1
niSA	12	2	strI	1
nirvapaRa	12	1	klI	1
nirveSa	12	4	puM	1
pARqara	12	1	puM	1
pAdapa	12	1	puM	1
pIluparRI	12	2	strI	1
pIqA	12	4	strI	1
padavI	12	2	strI	1
palASin	12	1	puM	1
paraBft	12	1	puM	1
pati	12	3	puM	1
patrorRa	12	2	klI|puM	0
prAdeSana	12	1	klI	1
pratikfzwa	12	1	tri	1
pratipAdana	12	1	klI	1
priyaNgu	12	2	strI	1
rikTa	12	1	klI	1
sADAraRa	12	2	tri	1
sUta	12	6	puM	1
sahas	12	4	klI|puM	1
sakftpraja	12	1	puM	1
sapti	12	1	puM	1
strI	12	4	strI	1
sundara	12	2	tri	1
svApateya	12	1	klI	1
svaru	12	4	puM	1
tulya	12	2	tri	1
turaNgama	12	1	puM	0
turaga	12	1	puM	1
tyAga	12	1	puM	1
utsarjana	12	1	klI	1
vA	12	4	a	1
vAha	12	2	puM	1
vAyasa	12	1	puM	1
vIti	12	1	puM	1
vajra	12	5	puMklI	1
vapA	12	2	strI	1
vartman	12	3	klI	1
viBava	12	1	puM	1
viSada	12	1	puM	1
viSrARana	12	1	klI	1
vihApita	12	1	klI	1
visarjana	12	1	klI	1
vitaraRa	12	1	klI	1
vitunnaka	12	3	klI|puM	1
yApya	12	1	tri	1
Akzepa	11	2	puM	1
AnandaTu	11	1	puM	1
BAs	11	2	strI	1
BAvuka	11	1	klI	1
BUdAra	11	1	puM	1
BUyas	11	1	a	1
BUyizWa	11	1	tri	1
Bavika	11	1	klI	1
Bfti	11	4	strI	1
Bugna	11	2	tri	1
Cidra	11	2	klI	1
Gfzwi	11	1	puM	1
GoRin	11	1	puM	1
IhA	11	1	strI	1
IkzaRa	11	2	klI	1
Ilita	11	1	tri	0
Iqita	11	1	tri	1
Kaqga	11	4	puM	1
PalI	11	1	strI	1
SIGra	11	3	klI	1
Sarman	11	1	klI	1
SarvarI	11	1	strI	1
SoBana	11	1	tri	1
SoRaka	11	1	puM	1
SukanAsa	11	1	puM	1
SvaBra	11	2	klI	1
SvaHSreyasa	11	1	klI	1
aBizwuta	11	1	tri	1
aMhas	11	2	klI	1
adaBra	11	1	tri	1
ajihmaga	11	1	puM	1
amoGA	11	2	strI	1
antevAsin	11	2	puM	1
apavAda	11	4	puM	1
aralu	11	1	puM	1
avilambita	11	2	klI|tri	1
ayana	11	2	klI	1
bAhlIka	11	2	klI	1
caYcu	11	2	puM|strI	1
cara	11	4	puM|tri	1
citrA	11	2	strI	1
dIrGavfnta	11	1	puM	1
daMzwrin	11	1	puM	1
dohada	11	1	klI	1
dolA	11	2	strI	1
durita	11	1	klI	1
duzkfta	11	1	klI	1
ekapadI	11	1	strI	1
gIrRa	11	1	tri	1
gaBasti	11	2	puM	1
ganDaPalI	11	2	strI	1
ganDottamA	11	1	strI	1
govandanI	11	1	strI	1
guhA	11	3	strI	1
hAlA	11	1	strI	1
halipriyA	11	1	strI	1
hetu	11	8	puM	1
hima	11	2	klI|tri	1
jIvantikA	11	2	strI	1
jihma	11	3	puM|tri	1
kANkzA	11	1	strI	1
kAdambarI	11	1	strI	1
kAramBA	11	1	strI	1
kadalI	11	2	strI	1
kalevara	11	1	klI	1
kalmaza	11	1	klI	1
kalyARa	11	1	klI	1
kapi	11	5	puM	1
kawamBarA	11	2	strI	0
kawu	11	6	klI|puM|strI|tri	1
kawvaNga	11	1	puM	0
kfcCra	11	5	klI	1
kiri	11	1	puM	1
kiwi	11	1	puM	1
kriyA	11	11	strI	1
kula	11	7	klI	1
kzaRadA	11	1	strI	1
kzapA	11	1	strI	1
mAtaNga	11	3	puM	0
mUrta	11	3	tri	1
maRqUkaparRa	11	1	puM	1
maYju	11	1	tri	1
maYjula	11	1	tri	1
madirA	11	1	strI	1
mahat	11	4	klI|tri	1
mahilAhvaya	11	1	strI	0
manda	11	7	puM|tri	1
manoraTa	11	1	puM	1
manorama	11	1	tri	1
manuja	11	2	puM	1
misi	11	2	strI	1
mud	11	1	strI	1
nIkASa	11	1	puM	1
nara	11	2	puM	1
niBa	11	1	puM	1
niSITinI	11	1	strI	1
nindA	11	4	strI	1
pApman	11	1	puM	1
paRAyita	11	1	tri	1
paRita	11	1	tri	1
paTin	11	1	puM	1
padDati	11	1	strI	1
padyA	11	1	strI	1
palASa	11	3	klI|puM	1
panAyita	11	1	tri	0
panita	11	1	tri	1
parisrut	11	1	strI	1
pfzatka	11	1	puM	1
potrin	11	1	puM	1
prAjya	11	1	tri	1
prIti	11	1	strI	1
praBUta	11	1	tri	1
praBu	11	3	puM	1
praRuta	11	1	tri	1
pracura	11	1	tri	1
pramada	11	1	puM	1
pramoda	11	1	puM	1
prasannA	11	1	strI	1
pratIkASa	11	1	puM	1
puru	11	1	tri	1
puruhU	11	1	tri	0
rAjan	11	6	puM	1
ranDra	11	2	klI	1
ropa	11	1	puM	1
rucira	11	1	tri	1
rucya	11	1	tri	1
sEnya	11	3	puM	1
sPira	11	1	tri	1
sUkara	11	1	puM	1
saMhanana	11	1	klI	1
saNkASa	11	1	puM	0
sadfS	11	1	tri	1
sadfSa	11	1	tri	1
sadfkza	11	1	tri	1
samADi	11	4	puM	1
samaNgA	11	2	strI	1
sammada	11	1	puM	1
saraRi	11	1	strI	1
senA	11	2	strI	1
sfti	11	1	strI	1
siMhI	11	2	strI	1
stabDaroman	11	1	puM	1
stuta	11	1	tri	1
suzama	11	1	tri	1
syonAka	11	1	puM	1
tIkzRa	11	7	klI|tri	1
tamI	11	1	strI	1
tamasvinI	11	1	strI	1
tanU	11	1	strI	1
triyAmA	11	1	strI	1
tu	11	4	a	1
tuzAra	11	2	puM|tri	1
upama	11	1	puM	1
uzRa	11	4	puM	1
vAYCA	11	1	strI	1
vAhinI	11	3	strI	1
vArtA	11	7	strI	0
vakra	11	2	puMklI|tri	1
vanitA	11	3	strI	1
vapus	11	1	klI	1
varAha	11	1	puM	1
varRita	11	1	tri	1
vartanI	11	1	strI	1
varuRAtmajA	11	1	strI	1
vfdDa	11	4	klI|puM	1
viBAvarI	11	1	strI	1
viSiKa	11	2	puM	1
vizvaksenA	11	1	strI	1
vyADi	11	2	puM	1
vyAja	11	3	puM	1
wuRwuka	11	1	puM	1
yAminI	11	1	strI	1
ASruta	10	1	tri	1
Atman	10	11	puM	1
BA	10	1	strI	1
BAzita	10	2	klI|tri	1
BUta	10	7	klI|tri	1
BaraRa	10	1	klI	1
BaraRya	10	1	klI	1
BftyA	10	1	strI	1
Bftya	10	1	puM	1
Bujizya	10	1	puM	1
CatrA	10	3	strI	0
DIran	10	1	klI	0
DUrta	10	3	puM|tri	1
Darma	10	9	puM|puMklI	1
DvajinI	10	1	strI	1
GfRA	10	4	strI	1
SOrya	10	2	klI	1
SakulAdanI	10	2	strI	1
Socis	10	1	klI	1
SrIPalI	10	1	strI	1
Suzi	10	1	strI	1
Suzira	10	1	klI	1
UrIkfta	10	1	tri	0
Urmimat	10	1	tri	1
aBayA	10	1	strI	1
aNgIkfta	10	1	tri	1
aNga	10	3	a|klI	1
abalA	10	1	strI	1
agniSiKa	10	1	klI	1
anArata	10	2	klI	1
anIkinI	10	2	strI	1
arAla	10	1	tri	1
ara	10	1	klI	1
avaDAraRa	10	7		1
avi	10	4	strI	1
ca	10	5	a	1
camU	10	2	strI	1
cetakI	10	1	strI	1
cewaka	10	1	puM	1
dAnava	10	2	puM	1
dAsa	10	1	puM	1
dAsera	10	1	puM	1
dAseya	10	1	puM	1
dIDiti	10	1	strI	1
damBa	10	3	puM	1
dantaSaWa	10	2	puM	1
dfzwi	10	5	strI	1
droRI	10	2	strI	1
duHKa	10	2	klI	1
eka	10	7	tri	1
eraRqa	10	1	puM	1
ganDarvahastaka	10	1	puM	1
gopyaka	10	1	puM	1
grAmIRA	10	1	strI	1
harItakI	10	2	strI	1
jAlma	10	2	puM|tri	1
jalASaya	10	2	klI|puM	1
jambuka	10	3	puM	1
java	10	3	puM	1
jawA	10	6	strI	1
jugupsA	10	2	strI	1
kASmIrajanman	10	1	klI	1
kAyasTA	10	1	strI	1
kalpa	10	4	puM	1
karmaRyA	10	1	strI	1
kazwa	10	3	klI|tri	1
kiNkara	10	1	puM	0
kimuta	10	2	a	0
kiraRa	10	2	puM	1
klItakikA	10	1	strI	1
krozwu	10	3	puM	1
kuNkuma	10	1	klI	1
kuYcita	10	1	tri	1
kuhara	10	1	klI	1
kukkura	10	2	klI|puM	1
kutsA	10	2	strI	1
kuwila	10	2	tri	1
kzipra	10	1	klI	1
lapita	10	2	klI|tri	1
lohitacandana	10	1	klI	1
lola	10	3	tri	1
mAnava	10	2	puM	1
mAnuza	10	1	puM	1
maRqa	10	3	klI|puM|puMklI	1
mahilA	10	1	strI	1
manuzya	10	1	puM	1
marIci	10	1	puMstrI	1
markawI	10	2	strI	1
martya	10	1	puM	1
matta	10	3	puM|tri	1
mayUraka	10	2	klI|puM	1
nArI	10	1	strI	1
nAyaka	10	3	puM|tri	1
nIlinI	10	1	strI	0
nata	10	1	tri	1
netra	10	4	klI	1
nf	10	1	puM	1
nirvAda	10	2	puM	1
nirvyaTana	10	1	klI	1
niyojya	10	1	puM	1
pUruza	10	1	puM	1
pUtanA	10	1	strI	1
paTyA	10	1	strI	1
paYcANgula	10	1	puM	1
paYcajana	10	1	puM	1
parAkrama	10	3	puM	1
paricAraka	10	1	puM	1
pawu	10	5	puM|tri	1
pfTagjana	10	3	puM	1
pftanA	10	2	strI	1
prEzya	10	1	puM	1
praBA	10	1	strI	1
praBAta	10	2	klI	1
pratIpadarSinI	10	1	strI	1
pratijYAta	10	1	tri	1
pravIRa	10	2	tri	1
priya	10	4	puM|tri	1
puMs	10	1	puM	1
pura	10	7	klI|puM	1
rAsnA	10	2	strI	1
raYjanI	10	1	strI	1
rocanI	10	2	strI	1
rocis	10	1	klI	1
roka	10	1	klI	1
ruc	10	1	strI	1
sAraTi	10	4	puM	1
sImantinI	10	1	strI	1
sPuwa	10	2	tri	1
saMSruta	10	1	tri	1
saNgIrRa	10	1	tri	0
saNkoca	10	1	klI	0
samAhita	10	1	tri	1
satvara	10	1	klI	1
svAdukaRwaka	10	2	puM	1
svAmin	10	3	puM	1
tArkzya	10	5	puM	1
tUrRa	10	1	klI	1
taqit	10	2	strI	1
tripuwA	10	2	strI	1
tuNga	10	3	puM|tri	1
upaSruta	10	1	tri	1
upagata	10	1	tri	1
urarIkfta	10	1	tri	1
urubUka	10	1	puM	0
vAc	10	5	strI	1
vAmA	10	1	strI	1
vE	10	2	a	1
vIrya	10	6	klI|tri	1
vaYcaka	10	2	puM|tri	1
varDamAna	10	1	puM	1
varUTinI	10	1	strI	1
varuRa	10	4	puM	1
vetana	10	1	klI	1
vivara	10	1	klI	1
vyAGrapucCa	10	1	puM	1
vyaqambaka	10	1	puM	1
yozA	10	1	strI	1
yozit	10	2	strI	1
ABIla	9	1	klI	1
AgU	9	1	strI	0
Amanasya	9	1	klI	1
AsTAnI	9	2	strI	1
BIrupatrI	9	1	strI	0
BUrimAya	9	1	puM	1
BedyagAmin	9	1	klI	0
Bidura	9	1	klI	1
CAta	9	2	puM|tri	1
Cada	9	3	puM|puMklI	1
DanvayAsa	9	1	puM	1
Druva	9	6	klI|puM|tri	1
ErAvatI	9	1	strI	1
GoRwA	9	2	strI	1
ISitf	9	1	puM	1
Perava	9	2	puM	1
Peru	9	1	puM	1
SElUza	9	2	puM	1
SItala	9	2	puM|tri	1
SORqI	9	1	strI	1
Samba	9	1	puM	1
SambarI	9	1	strI	1
SampA	9	1	strI	1
SatAvarI	9	1	strI	1
SatahradA	9	1	strI	1
Satakowi	9	1	puM	1
SatamUlI	9	1	strI	1
Sataparvan	9	1	puM	1
SataparvikA	9	2	strI	1
SfNgI	9	3	strI	1
SfgAla	9	1	puM	1
SiKin	9	3	puM	1
Sikzita	9	2	tri	1
Siras	9	4	klI|puMklI	1
SukraSizya	9	1	puM	1
Sulba	9	2	klI	1
Suzma	9	1	klI	1
Svapaca	9	1	puM	1
aBaya	9	1	klI	1
aBijYa	9	1	tri	1
aBijana	9	3	puM	1
aByupagama	9	1	puM	1
aDiBU	9	1	puM	1
aDipa	9	1	puM	1
aDvara	9	4	puM	1
aNgIkAra	9	1	puM	1
aSani	9	1	puMstrI	1
aYjasA	9	2	a	1
aguru	9	3	klI	1
aheru	9	1	strI	1
amfRAla	9	1	klI	1
antarDi	9	3	puM	1
antareRa	9	2	a	1
anvaya	9	2	puM	1
apasada	9	1	puM	1
arBaka	9	5	puM	1
asura	9	1	puM	1
avadAha	9	1	klI	1
avajYA	9	2	strI	1
avarRa	9	1	puM	1
avaskara	9	2	puM	1
bADA	9	1	strI	0
bahusutA	9	1	strI	1
cARqAla	9	1	puM	1
cOra	9	1	puM	1
caRqAla	9	2	puM	1
caYcalA	9	1	strI	1
caYcala	9	1	tri	1
calAcala	9	1	tri	1
cala	9	2	tri	1
calana	9	1	tri	1
citra	9	4	klI|tri	1
dEteya	9	1	puM	1
dEtya	9	1	puM	1
damBoli	9	1	puM	1
danuja	9	1	puM	1
dfS	9	3	strI|tri	1
ditisuta	9	1	puM	1
dizwAnta	9	1	puM	1
dravantI	9	1	strI	1
duHsparSA	9	1	strI	1
duHsparSa	9	1	puM	1
durAlaBA	9	1	strI	0
ekAgArika	9	1	puM	0
ekAzwIlA	9	1	strI	0
garhaRa	9	1	klI	1
gokarRI	9	1	strI	1
gomAyu	9	1	puM	1
gopura	9	3	klI	1
hfdya	9	2	tri	1
hlAdinI	9	3	strI	1
indIvarI	9	1	strI	1
indrAri	9	1	puM	1
izwakApaTa	9	1	klI	1
jIva	9	2	puM	1
jIvaka	9	2	puM	1
janaNgama	9	1	puM	0
kAlaDarma	9	1	puM	1
kaRwakArikA	9	2	strI	1
kaWina	9	3	tri	1
kaWora	9	2	tri	1
kabarI	9	3	strI	0
kacCa	9	4	puM|tri	1
kacCu	9	1	strI	1
kampana	9	1	tri	1
kampra	9	1	tri	1
karmAra	9	1	puM	1
kekin	9	2	puM	1
kesara	9	4	puM|puMklI	1
kftamuKa	9	1	tri	1
kfzRA	9	1	strI	1
kitava	9	2	puM	1
kolA	9	1	strI	1
kowivarzA	9	1	strI	1
kulI	9	1	strI	1
kuliSa	9	1	puMklI	1
kunASaka	9	1	puM	1
kzaRapraBA	9	1	strI	1
lAmajjaka	9	1	klI	1
laGulaya	9	1	klI	1
laNkopika	9	1	strI	0
mUrvA	9	1	strI	1
mUzikaparRI	9	1	strI	1
maDUlikA	9	1	strI	1
maDu	9	6	klI|puM	1
maDuSreRI	9	1	strI	0
maDya	9	6	klI|puMklI|tri	1
malimluca	9	1	puM	1
mandAra	9	3	puM	1
maraRa	9	1	klI	1
marubaka	9	2	puM	0
marunmAlA	9	1	strI	1
maskara	9	2	puM	1
meQra	9	2	puM	1
mfga	9	4	puM	1
mfgaDUrtaka	9	1	puM	1
mftyu	9	1	puMstrI	1
mocA	9	2	strI	1
morawA	9	1	strI	1
mozaka	9	1	puM	1
nArAyaRI	9	1	strI	1
nIlakaRWa	9	2	puM	1
nalada	9	1	klI	1
netf	9	2	puM	1
nidigDikA	9	1	strI	1
nigama	9	4	puM	1
nihIna	9	1	puM	1
nikfti	9	2	strI	1
nipuRa	9	1	tri	1
nistriMSa	9	3	puM	1
nizAda	9	2	puM	1
nizRAta	9	1	tri	1
nizWura	9	2	klI|tri	1
nyagroDI	9	1	strI	1
pAmara	9	1	puM	1
pApacelI	9	1	strI	1
pAriplava	9	1	tri	1
pAwA	9	1	strI	1
pAwaccara	9	1	puM	1
pUrvadeva	9	1	puM	1
pUtikAzWa	9	2	klI	1
paYcatA	9	1	strI	1
pakza	9	6	puM	1
parAskandin	9	1	puM	1
parIvAda	9	1	puM	1
pariplava	9	1	tri	1
parivfQa	9	1	puM	1
pavi	9	2	puM	1
piSunA	9	1	strI	1
pippalI	9	1	strI	1
prAcInA	9	1	strI	1
prAkfta	9	1	puM	1
praBAva	9	8	puM	1
pracodanI	9	1	strI	1
prasUtija	9	1	klI	1
pratiSrava	9	1	puM	1
pratijYAna	9	1	klI	1
pratiroDin	9	1	puM	1
pukkasa	9	1	puM	1
purIza	9	2	klI	1
rAzwrikA	9	1	strI	1
raRqA	9	1	strI	1
rahas	9	5	a|klI	1
rodanI	9	1	strI	1
ruj	9	4	strI	1
sADana	9	9	klI	1
sOdAminI	9	1	strI	1
sTAman	9	1	klI	1
sTApanI	9	1	strI	1
saBya	9	3	puM	1
saMSrava	9	1	puM	1
santati	9	2	strI	0
sapadi	9	2	a	1
sevya	9	1	klI	1
spfSI	9	1	strI	1
spfkkA	9	1	strI	1
sravA	9	1	strI	1
stena	9	1	puM	1
suradviz	9	1	puM	1
sutaSreRI	9	1	strI	1
svaBAva	9	6	puM	1
svar	9	3	a	1
svarga	9	3	puM	1
tarala	9	2	puM|tri	1
taskara	9	1	puM	1
tejanI	9	1	strI	1
tejana	9	1	puM	1
tejas	9	6	klI	1
tfRaDvaja	9	1	puM	1
tvAcisAra	9	1	puM	0
tvaksAra	9	1	puM	1
uSIra	9	1	puMklI	1
upacitrA	9	1	strI	1
upakroSa	9	1	puM	1
upakulyA	9	1	strI	1
uzaRA	9	1	strI	1
vEdehI	9	1	strI	1
vEjYAnika	9	1	tri	1
vaYjula	9	3	puM	1
vanatiktakA	9	1	strI	0
varI	9	1	strI	1
veRu	9	1	puM	1
vfka	9	2	puM	1
vfzA	9	1	strI	1
vidDakarRI	9	1	strI	0
vidyut	9	1	strI	1
vijYa	9	1	tri	1
vipula	9	2	tri	1
vivarRa	9	1	puM	1
vizaya	9	7	puM	1
vyAGrI	9	1	strI	1
vyaTA	9	1	strI	1
yAna	9	2	klI	1
yAsa	9	1	puM	1
yantf	9	3	puM	1
yavAsa	9	1	puM	1
yavaPala	9	1	puM	1
yukta	9	5	tri	1
ANgirasa	8	1	puM	1
ASraya	8	5	puM	1
AsTAna	8	1	klI	1
AtmaguptA	8	1	strI	1
BArgI	8	1	strI	1
BAva	8	8	puM	1
BErava	8	1	tri	1
BIzaRa	8	1	tri	1
BIzma	8	1	tri	1
Ba	8	4	klI	1
BaRqI	8	1	strI	1
BaRqIrI	8	1	strI	1
BayAnaka	8	2	puM|tri	1
BayaNkara	8	1	tri	0
Beda	8	6	puM	1
BujaNgAkzI	8	1	strI	0
BujaNgaBuj	8	1	puM	0
Cadma	8	1	klI	1
CatrAkI	8	1	strI	0
CinnaruhA	8	1	strI	1
DAmArgava	8	2	puM	1
DAvanI	8	1	strI	1
DizaRa	8	1	puM	1
DruvA	8	2	strI	1
Gora	8	1	tri	1
KageSvara	8	1	puM	1
KakKawa	8	1	tri	1
SAKAmfga	8	1	puM	1
SAWya	8	1	klI	1
SUkaSimbi	8	1	strI	1
SaNKa	8	8	puM|puMklI	1
Sakft	8	1	klI	1
Samala	8	1	klI	1
SfNga	8	4	klI|puM	1
SfNgiRI	8	1	strI	1
SiKAvala	8	1	puM	1
SiSu	8	6	puM	1
SrezWa	8	5	tri	1
Sruti	8	4	strI	1
aBIka	8	1	tri	1
aBika	8	1	tri	1
aGnyA	8	1	strI	1
aNGrivallikA	8	1	strI	1
aNgAravallI	8	1	strI	1
aSrAnta	8	1	klI	1
aharmuKa	8	1	klI	1
ajasra	8	1	klI	1
anAdara	8	1	puM	1
anDa	8	4	klI|puM|tri	1
anaquh	8	1	puM	1
anavarata	8	1	klI	1
aniSa	8	1	klI	1
anuka	8	1	tri	1
anukampA	8	3	strI	1
anvavAya	8	1	puM	1
arjunI	8	1	strI	1
asUrkzaRa	8	1	klI	1
asi	8	1	puM	1
avahelana	8	1	klI	1
avamAnanA	8	1	strI	0
avirata	8	1	klI	1
avyaRqA	8	1	strI	1
bAleyaSAka	8	1	puM	1
balIvarda	8	1	puM	0
barbara	8	1	puM	1
barhiRa	8	1	puM	1
barhin	8	2	puM	1
bfhaspati	8	2	puM	1
bfhat	8	1	tri	1
brAhmaRI	8	1	strI	1
brAhmaRayazwikA	8	1	strI	1
cAra	8	2	puM	1
candrahAsa	8	1	puM	1
citraSiKaRqija	8	1	puM	1
citraparRI	8	1	strI	1
dAru	8	2	klI|puMklI	1
dAruRa	8	1	tri	1
daRqa	8	6	puM|puMklI	1
dakziRasTa	8	1	puM	1
dizwa	8	3	klI|puM	1
gIzpati	8	1	puM	1
gUTa	8	1	klI	1
gaRikA	8	4	strI	1
ganDanAkulI	8	1	strI	1
garuqa	8	2	puM	1
golomI	8	3	strI	1
gosarga	8	1	puM	1
gozWI	8	1	strI	1
guqUcI	8	1	strI	1
haYjikA	8	1	strI	1
hi	8	3	a	1
hiruk	8	2	a	1
iNga	8	3	tri	1
jahA	8	1	strI	1
jambIra	8	2	puM	1
janman	8	4	klI	1
jaqa	8	3	tri	1
jaraWa	8	1	tri	1
javana	8	4	klI|puM	1
jiNgI	8	1	strI	1
kAlIyaka	8	2	klI|puM	1
kAmana	8	1	tri	1
kAmayitf	8	1	tri	1
kAmuka	8	1	tri	1
kISa	8	1	puM	1
kOkzeyaka	8	1	puM	1
kaRqUrA	8	1	strI	1
kalaSI	8	1	strI	1
kamana	8	1	tri	1
kamitf	8	1	tri	1
kamra	8	1	tri	1
kapItana	8	3	puM	1
kapawa	8	1	puMklI	1
kapikacCU	8	1	strI	0
karavAla	8	1	puM	1
kfpARa	8	1	puM	1
kratu	8	3	puM	1
krozwuvinnA	8	1	strI	1
kulmAza	8	2	klI|puM	1
kumBa	8	4	puM|tri	1
kusfti	8	1	strI	1
kzantrf	8	1	puM	0
kzudra	8	5	tri	1
lakzman	8	5	klI	1
mAheyI	8	1	strI	1
mUrtimat	8	1	tri	1
maDuparRI	8	1	strI	1
maRqUkaparRI	8	1	strI	1
maRqalAgra	8	1	puM	1
maYjizwA	8	1	strI	0
mada	8	4	puM	1
markawa	8	1	puM	1
matsya	8	2	puM	1
meGanAdAnulAsin	8	1	puM	1
mecaka	8	3	puM	1
nAgAntaka	8	1	puM	1
nAkulI	8	1	strI	1
nAnA	8	3	a	1
nEgama	8	3	puM	1
nakulezwA	8	1	strI	1
niyantf	8	1	puM	1
pAka	8	4	puM|tri	1
pItadru	8	2	puM	1
pannagASana	8	1	puM	1
parIBAva	8	1	puM	1
pariBava	8	1	puM	1
parizad	8	1	strI	1
patnI	8	3	strI	1
pecaka	8	3	puM	1
pfSniparRI	8	1	strI	1
pfTakparRI	8	1	strI	1
pfTuka	8	4	puM	1
pfTula	8	1	tri	1
plavaNga	8	1	puM	0
plavaga	8	2	puM	1
prAjitf	8	1	puM	1
prAvfzAyaRI	8	1	strI	1
praSna	8	7	puM	1
prakfti	8	5	strI	1
pramIta	8	2	tri	1
pratiBaya	8	1	tri	1
pratibimba	8	2	klI	1
pratiniDi	8	2	puM	1
pratyUza	8	1	puM	0
pratyuzas	8	1	klI	0
preta	8	4	puM|tri	1
punar	8	4	a	1
puzpa	8	5	klI	1
rIQA	8	1	strI	1
raTakuwumbin	8	1	puM	1
rajas	8	6	klI	1
rizwi	8	1	puM	1
rohiRI	8	1	strI	1
sOraBeyI	8	1	strI	1
sOraBeya	8	1	puM	1
saMsad	8	2	strI	1
sadas	8	1	strIklI	1
samajyA	8	1	strI	1
santAna	8	2	puM	0
santata	8	1	klI	0
satata	8	1	klI	1
savyezWa	8	1	puM	1
siMhapucCI	8	1	strI	1
somavallI	8	1	strI	1
suganDA	8	1	strI	1
suparRa	8	1	puM	1
surAcArya	8	1	puM	1
suraloka	8	1	puM	1
surasA	8	1	strI	1
sva	8	5	klI|puM|puMklI|tri	1
syandana	8	2	puM	1
tIra	8	2	klI|puM	1
tantrikA	8	1	strI	1
tilaka	8	6	klI|puM|puMklI	1
tiraskriyA	8	1	strI	1
tiroDAna	8	2	klI	1
tridaSAlaya	8	1	puM	1
tridiva	8	2	puM	1
trivizwapa	8	1	klI	1
ucCrita	8	4	tri	1
uccAra	8	1	puM	1
udumbara	8	2	klI|puM	1
ukzan	8	1	puM	1
upaDi	8	1	puM	1
uru	8	1	tri	1
usrA	8	1	strI	1
utkawa	8	2	klI|tri	1
utsava	8	7	puM	1
uzas	8	1	klI	1
vAcaspati	8	1	puM	1
vAnara	8	1	puM	1
vAsa	8	2	klI|puM	1
vEnateya	8	1	puM	1
valImuKa	8	1	puM	1
vanOkas	8	1	puM	1
vaqra	8	1	tri	1
varDaka	8	1	puM	1
varRa	8	6	puM|puMklI	1
varcaska	8	1	puMklI	1
vatsAdanI	8	1	strI	1
vayaHsTA	8	3	strI	1
vftta	8	6	klI|tri	1
vftti	8	5	strI	1
vfzaBa	8	2	puM	1
viBAta	8	1	klI	1
viSAla	8	1	tri	1
viSaNkawa	8	1	tri	1
vikalpa	8	4		1
vikasA	8	1	strI	1
vistAra	8	7	puM	1
vizRuraTa	8	1	puM	1
vizWA	8	1	strI	1
vyAGra	8	3	puM	1
vyuzwa	8	1	klI	1
yojanavallI	8	1	strI	1
AKu	7	1	puM	1
AjYA	7	3	strI	1
Ali	7	3	puMstrI|strI	1
Amiza	7	3	klI|puMklI	1
ApaRika	7	1	puM	1
AragvaDa	7	1	puM	1
AramBa	7	4	puM	1
AranAlaka	7	1	klI	1
Arevata	7	1	puM	0
Asana	7	3	klI	1
AtreyI	7	1	strI	1
BAgIraTI	7	1	strI	1
BAgaDeya	7	2	klI|puM	1
BAryA	7	2	strI	1
BIzmasU	7	1	strI	1
BUpa	7	2	puM	1
BUti	7	4	strI	1
BadradAru	7	1	puMklI	1
Beka	7	3	puM	1
Cinna	7	1	tri	1
Cita	7	1	tri	1
DAnyAmla	7	1	klI	1
Danvan	7	3	klI|puM	1
DarziRI	7	1	strI	1
GUka	7	1	puM	1
Jawiti	7	1	a	1
Jaza	7	2	puM	1
Kanaka	7	1	puM	1
KaramaYjarI	7	1	strI	1
Pulla	7	1	tri	1
SArdUla	7	2	puM	1
SEKarika	7	1	puM	1
SaSvat	7	4	a	1
SakrapAdapa	7	1	puM	1
SakulI	7	1	puM	1
Salya	7	3	puM|puMklI	1
SiKA	7	5	strI	1
SoRita	7	2	klI	1
SyAma	7	3	puM|tri	1
UrRAyu	7	2	puM	1
aBinIta	7	4	tri	1
aBizuta	7	1	klI	1
aDogantf	7	1	puM	0
aNka	7	5	puM	1
aSokarohiRI	7	1	strI	1
ahnAya	7	1	a	1
akzi	7	2	klI	1
antarDA	7	1	strI	1
apAmArga	7	1	puM	1
apakrama	7	1	puM	1
apavAraRa	7	2	klI	1
apavarga	7	1	puM	1
apawu	7	2	tri	1
apayAna	7	1	klI	1
apiDAna	7	1	klI	1
aruRA	7	1	strI	1
asatI	7	1	strI	1
asta	7	2	puM|tri	1
ativizA	7	1	strI	1
avalguja	7	1	puM	1
avantisoma	7	1	klI	1
avasita	7	2	tri	1
awarUza	7	1	puM	1
bAkucI	7	1	strI	0
bAliSa	7	4	tri	1
bIja	7	2	klI	1
badDa	7	3	tri	1
balavat	7	2	a|puM	1
banDakI	7	1	strI	1
cakrANgI	7	1	strI	1
cakzus	7	1	klI	1
caturaNgula	7	1	puM	1
cihna	7	5	klI	1
dASapura	7	1	klI	1
dAta	7	1	tri	1
dEvajYa	7	1	puM	1
dala	7	4	klI	1
devadAru	7	1	puMklI	1
dita	7	1	tri	1
divABIta	7	1	puM	1
divAnDa	7	1	puM	1
drAk	7	1	a	1
drukilima	7	1	klI	1
dvEmAtura	7	1	puM	1
ekAgra	7	2	tri	1
ekadanta	7	1	puM	1
ftumatI	7	1	strI	1
gaNgA	7	1	strI	1
gaRADipa	7	1	puM	1
gaRaka	7	1	puM	1
gahana	7	3	klI|tri	1
gajAnana	7	1	puM	1
gajaBakzyA	7	1	strI	1
gonarda	7	1	klI	1
grAhin	7	2	puM	1
hAyana	7	4	puM|puMklI	1
hIna	7	3	tri	1
harit	7	3	puM|strIba	1
helA	7	2	strI	1
heramba	7	1	puM	1
heti	7	4	strI	1
itvarI	7	1	strI	1
izwa	7	4	klI	1
jAyA	7	2	strI	1
jIrRa	7	3	puM	1
jYAnin	7	1	puM	1
jaGanyaja	7	2	puM	1
jahnutanayA	7	1	strI	1
janI	7	2	strI	1
jyOtizika	7	1	puM	1
kARqa	7	7	puMklI	1
kAYjika	7	1	klI	1
kAlamezI	7	1	strI	1
kArtAntika	7	1	puM	1
kEvalya	7	1	klI	1
kEvartImustaka	7	1	klI	1
karkaSa	7	4	puM|tri	1
kawurohiRI	7	1	strI	1
keSaparRI	7	1	strI	1
kftamAla	7	1	puM	1
kftta	7	1	tri	1
kfzRaBedI	7	1	strI	0
kfzRaPalI	7	1	strI	0
kiRihI	7	1	strI	1
kim	7	3	a	1
koSa	7	7	puM|puMklI	1
kolaka	7	2	klI	1
kopa	7	2	puM	1
krIqA	7	2	strI	1
krayavikrayaka	7	1	puM	0
kroDa	7	2	puM	1
kuTa	7	2	puM|puMstrI	1
kuYjala	7	1	klI	1
kulaka	7	3	puM	1
kulawA	7	1	strI	1
kundurukI	7	1	strI	1
kzaRa	7	6	puM	1
lUna	7	1	tri	1
lambodara	7	1	puM	1
locana	7	1	klI	1
lohita	7	2	klI|puM	1
mIna	7	1	puM	1
mOhUrta	7	1	puM	1
mOhUrtika	7	1	puM	1
mUQa	7	3	tri	1
mUla	7	6	klI	1
mUrKa	7	3	tri	1
mUzaka	7	1	puM	1
maKa	7	2	puM	1
maNkzu	7	1	a	1
maheraRA	7	1	strI	1
malinI	7	1	strI	1
matsyapittA	7	1	strI	1
meza	7	4	puM	1
muKa	7	2	klI	1
mukti	7	1	strI	1
nIla	7	3	puM	1
naKa	7	2	klI|puMklI	1
nayana	7	1	klI	1
nfpa	7	3	puM	1
niHSreyasa	7	1	klI	1
niSAwana	7	1	puM	1
nirguRqI	7	2	strI	1
nirvARa	7	2	klI|tri	1
nyAyya	7	3	tri	1
pAMsulA	7	1	strI	1
pArTiva	7	2	puM	1
pAriBadraka	7	1	puM	1
pItadAru	7	1	klI	1
pUtiPalI	7	1	strI	1
paNkti	7	4	strI	1
paRyAjIva	7	1	puM	1
pada	7	7	klI	1
parRa	7	2	klI|puM	1
paripelava	7	1	klI	1
patti	7	3	puM|strI	1
pfTuroman	7	1	puM	1
piDAna	7	1	klI	1
pota	7	3	puM	1
praPulla	7	1	tri	1
praRiDi	7	3	puM	1
pradrAva	7	1	puM	1
prastara	7	2	puM	1
pratIhAra	7	5	puM	1
pratIka	7	5	puM|tri	1
praticCAyA	7	1	strI	1
pratikfti	7	1	strI	1
pratimA	7	1	strI	1
pratimAna	7	2	klI	1
prativizA	7	1	strI	1
pratiyAtanA	7	1	strI	1
pratyagra	7	2	tri	1
pratyakparRI	7	1	strI	1
pratyaya	7	7	puM	1
puMScalI	7	1	strI	1
punDvaja	7	1	puM	0
puzpavatI	7	1	strI	1
qimBa	7	3	puM	1
rAjavfkza	7	1	puM	1
rUpya	7	7	klI|tri	1
rajasvalA	7	1	strI	1
sAMvatsara	7	1	puM	1
sArTavAha	7	1	puM	1
sOganDika	7	3	klI|puM	1
sTiti	7	5	strI	1
sallakI	7	1	strI	1
samPulla	7	1	tri	1
samaya	7	6	puM	1
sampAka	7	1	puM	1
sandAva	7	1	puM	0
sandrAva	7	1	puM	0
siMhAsya	7	1	puM	1
sitA	7	3	strI	1
sma	7	2	a	1
somarAjI	7	1	strI	1
somavallikA	7	1	strI	1
spaSa	7	3	puM	1
srAk	7	1	a	1
strIDarmiRI	7	1	strI	1
su	7	2	a	1
suganDi	7	2	puM	1
suraBI	7	1	strI	1
suranimnagA	7	1	strI	1
suvallI	7	1	strI	1
suvarRaka	7	1	puM	1
suzavI	7	2	strI	1
svAhA	7	2	a|strI	1
svEriRI	7	1	strI	1
svarUpa	7	4	klI|tri	1
tamas	7	6	klI	1
tanUruha	7	2	klI	1
trARa	7	3	klI|tri	1
tripaTagA	7	1	strI	1
trisrotas	7	1	strI	1
udakyA	7	1	strI	1
uddrAva	7	1	puM	1
ugraganDA	7	2	strI	1
ulUka	7	3	puM	1
undura	7	1	puM	1
unduru	7	1	puM	1
unmatta	7	2	puM|tri	1
upavizA	7	1	strI	1
utPulla	7	1	tri	1
vARija	7	1	puM	1
vASikA	7	1	strI	0
vAjidantaka	7	1	puM	1
vAneya	7	1	klI	1
vAqava	7	3	klI|puM	1
vAsaka	7	1	puM	1
vAyasArAti	7	1	puM	1
vEdehaka	7	2	puM	1
vEdyamAtf	7	1	strI	1
vEsAriRa	7	1	puM	1
vaRij	7	2	puM	1
vaSira	7	2	klI|puM	1
varavarRinI	7	2	strI	0
vasuka	7	2	klI|puM	1
vfkRa	7	1	tri	1
viBrama	7	2	puM	1
viGnarAja	7	1	puM	1
viSvA	7	1	strI	1
vidrava	7	1	puM	1
vikaca	7	1	tri	1
vikasita	7	1	tri	1
vikfta	7	2	tri	1
vinA	7	2	a	1
vinna	7	2	tri	1
vipra	7	3	puM	1
visAra	7	1	puM	1
vizA	7	1	strI	1
vizRupadI	7	1	strI	1
vrajyA	7	2	strI	1
vyADiGAta	7	1	puM	1
vyAkoSa	7	1	tri	1
vyavaDA	7	1	strI	1
yAga	7	2	puM	1
yAtrA	7	3	strI	1
yajYa	7	2	puM	1
AKyAta	6	1	tri	1
AhAra	6	1	puM	1
Ahvaya	6	2	puM	1
AmayAvin	6	1	tri	1
Amaya	6	1	puM	1
AnDasika	6	1	tri	1
Anana	6	1	klI	1
ArAlika	6	1	tri	1
Ardra	6	1	tri	1
Arya	6	2	puM	1
AsPowa	6	1	puM	1
Asya	6	1	klI	1
Atura	6	1	tri	1
BARqa	6	4	klI	1
BAgya	6	2	klI	1
BAratI	6	1	strI	1
BAvita	6	3	tri	1
BAzA	6	1	strI	1
BadraparRI	6	1	strI	1
Bazaka	6	1	puM	1
Bojana	6	1	klI	1
Bos	6	1	a	1
Brazwa	6	1	tri	1
Canna	6	2	tri	1
DAtu	6	7	puM	1
Danus	6	1	puMklI	1
DattUra	6	1	puM	1
Dvasta	6	1	tri	1
GAtuka	6	3	tri	1
Irita	6	1	tri	1
JawA	6	1	strI	0
Kara	6	3	puM	1
KyAta	6	3	tri	1
Odanika	6	1	tri	1
PAla	6	2	puM|tri	1
PaleruhA	6	1	strI	1
Penila	6	2	puM	1
SAkyamuni	6	1	puM	1
SAkyasiMha	6	1	puM	1
SAvaka	6	1	puM	1
SOdDodani	6	1	puM	1
Sabala	6	2	puM	1
SarAsana	6	1	klI	1
Sastraka	6	1	klI	1
SatapuzpA	6	1	strI	1
Sayana	6	2	klI	1
SiSira	6	2	puMklI|tri	1
Sigru	6	2	puM	1
SilA	6	2	strI	1
SrIparRI	6	1	strI	1
SudDAnta	6	3	puM	1
Suka	6	3	klI|puM	1
Sunaka	6	1	puM	1
SvAna	6	1	puM	1
SvadaMzwrA	6	1	strI	1
SyAmala	6	1	puM	1
aBihita	6	1	tri	1
aBimAna	6	5	puM	1
aBinava	6	1	tri	1
aByAnta	6	1	tri	1
aByamita	6	1	tri	1
aDIna	6	3	tri	1
aMSuka	6	2	klI	1
aSman	6	1	puM	1
aSmasAra	6	1	puMklI	1
abda	6	4	puM	1
agrataHsara	6	1	puM	1
agresara	6	1	puM	1
ajJawA	6	1	strI	1
ajYa	6	3	tri	1
aja	6	4	puM	1
alam	6	5	a	1
alasa	6	2	puM	1
amalA	6	1	strI	1
amarza	6	1	puM	1
ananyavftti	6	1	tri	1
anukroSa	6	1	puM	1
apaciti	6	3	strI	1
aparAjitA	6	2	strI	1
apasarpa	6	1	puM	1
arDacandrA	6	1	strI	1
arTin	6	2	puM|tri	1
arTya	6	3	klI|tri	1
arcis	6	4	strI|strIklI	1
arcita	6	2	tri	1
arkAhva	6	1	puM	1
arkabanDu	6	1	puM	1
arkaparRa	6	1	puM	1
arya	6	3	puM	1
asfj	6	1	klI	1
asita	6	1	puM	1
aticCatrA	6	1	strI	0
atimuktaka	6	1	puM	1
avAkpuzpI	6	1	strI	1
avaSyAya	6	1	puM	1
avagata	6	1	tri	1
ayas	6	1	klI	1
bAnDava	6	2	puM	1
badarA	6	2	strI	1
bahulA	6	3	strI	1
ballava	6	1	puM	1
bibboka	6	1	puM	1
brAhmI	6	2	strI	1
buDita	6	1	tri	1
cApa	6	1	puMklI	1
cIna	6	1	puM	1
calita	6	2	klI|tri	1
camUru	6	1	puM	1
carama	6	2	tri	1
cela	6	3	klI|tri	1
cetas	6	1	klI	1
cikura	6	2	puM|tri	1
citrakft	6	1	puM	1
citta	6	1	klI	1
cyuta	6	1	tri	1
dArAH	6	1	puMba	0
dAruharidrA	6	1	strI	1
dArvI	6	1	strI	1
dEva	6	5	klI	1
daDiPala	6	1	puM	1
daDitTa	6	1	puM	1
daMSana	6	1	klI	1
dakza	6	4	puM|tri	1
darSana	6	3	klI	1
dara	6	3	puM|puMklI	1
darpa	6	2	puM	1
dayA	6	1	strI	1
dfzad	6	1	strI	1
dvitIyA	6	1	strI	1
ekAgrya	6	1	tri	1
ekAyana	6	1	tri	1
ekAyanagata	6	1	tri	1
ekasarga	6	1	tri	1
ekatAna	6	1	tri	1
eqaka	6	1	puM	1
fte	6	1	a	1
gOtama	6	1	puM	1
gUQapuruza	6	1	puM	1
gaRarUpa	6	1	puM	1
gada	6	2	puM	1
galita	6	1	tri	1
gamBArI	6	1	strI	1
gir	6	1	strI	1
girija	6	2	klI	1
gokaRwaka	6	1	puM	1
gokzuraka	6	1	puM	1
golA	6	1	strI	1
granTila	6	2	puM	1
gupta	6	2	tri	1
hAva	6	1	puM	1
hE	6	1	a	1
ha	6	1	a	1
haridrava	6	1	puM	1
hasta	6	6	puM	1
he	6	1	a	1
hfd	6	2	klI	1
hfdaya	6	2	klI	1
iva	6	2	a	1
izvAsa	6	1	puM	1
jaGanya	6	3	tri	1
jaNgama	6	2	tri	1
jagDi	6	1	strI	1
jagara	6	1	puM	1
jalpita	6	1	tri	1
jantu	6	2	puM	1
jaya	6	3	puM	1
jemana	6	1	klI	1
joNgaka	6	1	klI	1
kASmarI	6	1	strI	1
kASmarya	6	1	puM	1
kAcasTAlI	6	1	strI	1
kAlAnusArya	6	2	klI	1
kAlAyasa	6	1	klI	1
kArmuka	6	1	klI	1
kAruRya	6	1	klI	1
kAzWA	6	5	strI|strIba	1
kOleyaka	6	1	puM	1
kaNkawaka	6	1	puM	1
kaca	6	2	puM	1
kalaNka	6	3	puM	1
kanIyas	6	3	tri	1
kanakAhvaya	6	1	puM	1
kandalI	6	1	strI	1
kanizWa	6	3	puM|tri	1
kapilA	6	3	strI	1
kapila	6	2	puM	1
kapitTa	6	1	puM	1
karRikA	6	4	strI	1
karaja	6	2	klI|puM	1
karuRA	6	3	strI	1
kavaca	6	1	puMklI	1
keSa	6	2	puM	1
ketana	6	4	klI	1
kfmija	6	1	klI	1
kfpA	6	1	strI	1
kfzRavfntA	6	1	strI	1
klinna	6	1	tri	1
kodaRqa	6	1	klI	1
kowi	6	5	strI	1
kruD	6	1	strI	1
kuRi	6	2	puM	1
kuberAkzI	6	1	strI	1
kulIna	6	2	puM|tri	1
kunawI	6	1	strI	1
kuzWa	6	2	klI	1
kvaRa	6	2	puM	1
kzataja	6	1	klI	1
kzatriya	6	4	puM	1
kzava	6	2	puM	1
kzetra	6	5	klI	1
kzipta	6	1	tri	1
lAYCana	6	2	klI	1
lakzaRa	6	2	klI	1
lalita	6	1	klI	1
lapana	6	1	klI	1
leha	6	1	puM	1
mAnasa	6	1	klI	1
mAtula	6	2	puM	1
mAyAdevIsuta	6	1	puM	1
mUrDan	6	3	puM	1
maDurA	6	1	strI	1
mahIkzit	6	1	puM	1
manaHSilA	6	1	strI	1
manas	6	1	klI	1
manita	6	1	tri	1
manoguptA	6	1	strI	1
manohvA	6	1	strI	1
maryAdA	6	4	strI	1
masUravidalA	6	1	strI	1
mfgadaMSaka	6	1	puM	1
mfta	6	3	klI|tri	1
mftsnA	6	2	strI	1
mihikA	6	1	strI	1
nAdeyI	6	4	strI	1
nAgajihvikA	6	1	strI	1
nAgara	6	3	klI	1
nAwya	6	2	klI	1
nEpAlI	6	1	strI	1
nIhAra	6	1	puM	1
nUtana	6	1	tri	1
nUtna	6	1	tri	1
nagarI	6	1	strI	1
nakzatra	6	2	klI	1
navIna	6	1	tri	1
nava	6	1	tri	1
navya	6	1	tri	1
nemin	6	1	puM	1
niGasa	6	1	puM	1
nidAGa	6	2	puM	1
nideSa	6	2	puM	1
nirdeSa	6	2	puM	1
nizWyUta	6	1	tri	1
nunna	6	1	tri	1
nutta	6	1	tri	1
nyAda	6	1	puM	1
pARigfhItI	6	1	strI	0
pAdAtika	6	1	puM	1
pAda	6	6	puM	1
pAdapUraRa	6	1		1
pAlindI	6	1	strI	1
pAw	6	1	a	1
pAwalA	6	2	strI|strIklI	1
pAwali	6	1	puMstrI	1
pAzARa	6	2	puM	1
pIlu	6	5	puM	1
paScima	6	2	tri	1
pacampacA	6	1	strI	1
padAji	6	1	puM	1
padAti	6	1	puM	1
padaga	6	1	puM	1
padga	6	1	puM	1
padika	6	1	puM	1
palaNkazA	6	1	strI	0
panna	6	1	tri	1
parAsu	6	1	tri	1
pareta	6	1	tri	1
parjanI	6	1	strI	1
paryApta	6	2	klI	1
paryAya	6	3	puM	1
pattana	6	1	klI	1
pavitra	6	3	klI|puM	1
peSala	6	3	puM|tri	1
pfTak	6	1	a	1
piNgala	6	3	puM	1
plakza	6	2	puM	1
prARin	6	2	puM	1
prAleya	6	1	klI	1
prApta	6	2	tri	1
prAptapaYcatva	6	1	tri	1
praTama	6	4	tri	1
pragraha	6	5	puM	1
pramARa	6	6	klI	1
pratiGa	6	1	puM	1
pratipanna	6	1	tri	1
prazWa	6	1	puM	1
puNgava	6	1	puM	1
pur	6	1	strI	1
purI	6	1	strI	1
puraHsara	6	1	puM	1
purogAmin	6	1	puM	1
puroga	6	1	puM	1
purogama	6	1	puM	1
puwaBedana	6	1	klI	1
puzpaPala	6	1	puM	1
pyAw	6	1	a	1
rAj	6	1	puM	1
rAjArha	6	1	klI	1
raTadru	6	1	puM	1
rajata	6	4	klI|tri	1
rodasI	6	3	klIdvi|strI	1
roga	6	1	puM	1
roza	6	1	puM	1
ruDira	6	1	klI	1
rujA	6	1	strI	1
ruw	6	1	strI	1
sAla	6	2	puM	1
sAmpratam	6	2	a	1
sAmya	6	1		1
sAra	6	5	klI|puM|tri	1
sArameya	6	1	puM	1
sArdra	6	1	tri	1
sTAnIya	6	1	klI	1
sUdA	6	1	tri	0
sUpakAra	6	1	puM	1
saMsTita	6	1	tri	1
saha	6	3	a	1
sahaDarmiRI	6	1	strI	1
sajjana	6	2	klI|puM	1
samArTaka	6	1	tri	1
samUru	6	1	puM	1
samboDanArTa	6	1		0
samunna	6	1	tri	1
sanDi	6	2	puM	0
saptatantu	6	1	puM	1
saralA	6	1	strI	1
sarvAnuBUti	6	1	strI	1
sarvArTasidDa	6	1	puM	1
sarvatoBadrA	6	1	strI	1
sava	6	1	puM	1
sitacCatrA	6	1	strI	0
skanna	6	1	tri	1
snuhI	6	2	strI	1
srasta	6	1	tri	1
stimita	6	1	tri	1
suraBi	6	3	puM|strI	1
suta	6	4	puM	1
suzIma	6	1	tri	1
suzWu	6	2	a	1
suzeRikA	6	1	strI	1
svAnta	6	1	klI	1
tAlI	6	2	strI	1
tAla	6	4	klI|puM	1
tAmalakI	6	1	strI	1
tURIra	6	2	puM	1
tUla	6	2	klI|puM	1
taTA	6	1	a	1
tanutra	6	1	klI	1
tarasvin	6	3	puM|tri	1
timita	6	1	tri	1
tiniSa	6	1	puM	1
triBaRqI	6	1	strI	1
trivft	6	1	strI	1
trivftA	6	1	strI	1
tuRqa	6	1	klI	1
tuRqikerI	6	2	strI	1
tuhina	6	1	klI	1
tundila	6	2	puM|tri	1
tuza	6	2	puM	1
tvazwf	6	3	puM	1
udita	6	1	tri	1
ukta	6	1	tri	1
upakrama	6	4	puM	1
upala	6	1	puM	1
upatApa	6	1	puM	1
uraBra	6	1	puM	1
uraHCada	6	1	puM	0
uraRa	6	1	puM	1
utpala	6	2	klI	1
utsfzwa	6	2	tri	1
utta	6	1	tri	1
uttara	6	6	klI|strI|tri	1
vARI	6	1	strI	1
vESAKa	6	2	puM	1
va	6	1	a	1
vaMSakA	6	1	klI	0
vadana	6	1	klI	1
vaktra	6	1	klI	1
vallaBa	6	2	tri	1
vanaSfNgAwa	6	1	puM	1
vapra	6	3	klI|puMklI	1
varaRa	6	3	puM	1
varjana	6	1		1
varman	6	1	klI	1
vartana	6	2	klI|tri	1
veRI	6	3	strI	1
vfttAnta	6	5	puM	1
vfzRi	6	1	puM	1
vikIraRa	6	1	puM	1
vilAsa	6	2	puM	1
vivikta	6	3	tri	1
vyADita	6	1	tri	1
vyasana	6	6	klI	1
yAma	6	2	puM	1
yaTA	6	1	a	1
yaTArhavarRa	6	1	puM	1
yuga	6	6	klI|puM	1
zaRqa	6	4	puM|puMklI	1
zaqgranTA	6	2	strI	1
ABIra	5	1	puM	1
ADUta	5	1	tri	1
AKyA	5	1	strI	1
AQakI	5	1	strI	1
ASA	5	2	strI|strIba	1
ASvineyO	5	1	puMdvi	0
Adya	5	3	tri	1
Aho	5	1	a	1
AhvA	5	1	strI	1
AjIva	5	1	puM	1
Akampita	5	1	tri	1
Alasya	5	1	puM	1
AsAdita	5	1	tri	1
AtmajA	5	1	strI	1
Avali	5	2	strI	1
BArgava	5	1	puM	1
BI	5	1	strI	1
BIti	5	1	strI	1
BUdeva	5	1	puM	1
BUmispfS	5	1	puM	1
BUtAvAsa	5	1	puM	1
BUzita	5	2	tri	0
BaNga	5	3	puM	1
BajamAna	5	1	tri	1
Bakta	5	1	klI	1
Barata	5	1	puM	1
Bartf	5	3	puM	1
BasmaganDinI	5	1	strI	1
Baya	5	2	klI	1
BfNgin	5	1	puM	1
BikzA	5	4	strI	1
BinnArTaka	5	1	tri	0
BissA	5	1	strI	1
Boga	5	6	puM	1
Cadana	5	1	klI	1
DAnuzka	5	1	puM	1
DUta	5	1	tri	1
DanaharI	5	1	strI	1
DanurDara	5	1	puM	1
Danuzmat	5	1	puM	1
Danvin	5	1	puM	1
Darmapattana	5	1	klI	1
Dava	5	4	puM	1
Duta	5	1	tri	1
DvAnta	5	3	klI	1
GoRA	5	2	strI	1
GrARa	5	2	klI|tri	1
JiRwI	5	2	strI	1
Kura	5	2	puM	1
Opayika	5	1	tri	1
OzaRa	5	1	klI	1
Palgu	5	3	klI|tri	1
SAbara	5	1	puM	1
SAda	5	3	puM	1
SAlUra	5	1	puM	1
SAleya	5	2	puM|tri	1
SArada	5	3	puM|tri	1
SAsana	5	1	klI	1
SAstra	5	6	klI	1
SElAlin	5	1	puM	1
SItaka	5	1	puM	1
SaRQa	5	2	puM	1
Sabdagraha	5	1	puM	1
Sakala	5	3	puMklI	1
SarIrin	5	1	puM	1
Sarad	5	4	strI	1
Sastra	5	6	klI|puMklI	1
SfNgin	5	1	puM	1
SiYjita	5	1	klI	1
Siroruha	5	1	puM	1
Sizwi	5	1	strI	1
SoBA	5	3	strI	1
SoDita	5	2	tri	1
SrImat	5	2	puM	1
SrIparRa	5	2	klI	1
SrOzaw	5	1	a	1
SravaRa	5	1	puM	1
Sravas	5	2	klI	1
Srotra	5	1	klI	1
Sukti	5	2	strI	1
Uravya	5	1	puM	1
aBIkzRam	5	2	a	1
aBIpsita	5	1	tri	1
aBIzwa	5	1	tri	1
aBiDAna	5	1	klI	1
aBiniryARa	5	1	klI	1
aDizWAna	5	5	klI	1
aMSumatPalA	5	1	strI	1
aSru	5	2	klI	1
aSvinIsutO	5	1	puMdvi	1
aSvinO	5	1	puMdvi	0
aTa	5	5	a	1
aTo	5	5	a	1
agada	5	2	puM	1
agniSiKA	5	2	strI	1
agrajanman	5	1	puM	1
ahan	5	3	klI	1
alaNkAra	5	2	puM	0
alakta	5	1	puM	1
antya	5	2	tri	1
anubanDa	5	5	puM	1
anuzRa	5	1	puM	1
anya	5	3	tri	1
anyatara	5	1	tri	1
apacAyita	5	1	tri	1
apacita	5	1	tri	1
api	5	5	a	1
arTanA	5	3	strI	1
araRya	5	1	klI	1
arhaRA	5	1	strI	1
arhita	5	1	tri	1
asana	5	1	puM	1
astrin	5	1	puM	1
atIva	5	1	a	1
avaDi	5	5	puM	1
avalepa	5	1	puM	1
avasara	5	5	puM	1
avavAda	5	1	puM	1
avazwamBa	5	1	puM	1
avita	5	1	tri	1
awavI	5	1	strI	1
badara	5	1	klI	1
banDUkapuzpa	5	1	puM	1
banDu	5	1	puM	1
bata	5	5	a	1
bola	5	1	puM	0
brAhmaRa	5	2	puM	1
brahmaRya	5	1	puM	1
brahmadAru	5	1	klI	1
cAmpeya	5	2	puM	1
caRqA	5	1	strI	1
cakamardaka	5	1	puM	0
cakravartinI	5	1	strI	1
carAcara	5	1	tri	1
carizRu	5	1	tri	1
catura	5	1	puM	1
cetana	5	1	puM	1
citrataRqulA	5	1	strI	1
cittodreka	5	1	puM	0
coca	5	1	klI	1
cukra	5	2	klI|puM	1
dEtyaguru	5	1	puM	1
dIdivi	5	1	puM	1
dUrvA	5	1	strI	1
dadruGna	5	1	puM	1
danta	5	3	puM	1
dantikA	5	2	strI	1
dardura	5	1	puM	1
dasrO	5	1	puMdvi	0
dayita	5	1	tri	1
devahavirdAna	5	1		0
diS	5	3	strIba	1
drumAmaya	5	1	puM	1
duhitf	5	1	strI	1
duzpatra	5	1	puM	0
dvAHsTa	5	3	puM	1
dvEDa	5	1	klI	1
dvijA	5	1	strI	1
dvijAti	5	1	puM	1
dvyazwa	5	1	klI	1
dyUta	5	4	puMklI	1
eqagaja	5	1	puM	1
eta	5	1	puM	1
gAlava	5	1	puM	1
gaRahAsaka	5	1	puM	1
gama	5	1	puM	1
gamana	5	1	klI	1
ganDarasa	5	1	puM	1
garjita	5	2	klI|puM	1
garut	5	1	puM	1
gfYjana	5	1	puM	1
gfhyaka	5	2	puM|tri	1
goDuk	5	1	puM	0
gopAla	5	1	puM	1
gopAyita	5	1	tri	1
gosaNKya	5	1	puM	0
guhya	5	5	klI	1
guqA	5	1	strI	1
hareRU	5	1	strI	0
hfzwa	5	1	tri	1
hiNguniryAsa	5	1	puM	1
izuDi	5	1	puMstrI	1
jAti	5	4	strI	1
jAyAjIva	5	1	puM	1
jIna	5	1	puM	1
jIvikA	5	1	strI	1
jYAna	5	6	klI	1
jYAti	5	2	puM	1
jaWara	5	2	puMklI	1
jagat	5	3	klI|tri	1
jani	5	1	strI	1
janmin	5	1	puM	1
janus	5	1	klI	1
janyu	5	1	puM	1
jarat	5	1	puM	1
jatUkA	5	1	strI	1
jatu	5	1	klI	1
jatukft	5	1	strI	1
jawilA	5	1	strI	1
jvAlA	5	4	puMstrI	1
kAYcI	5	2	strI	1
kAkzI	5	1	strI	1
kAlaskanDa	5	2	puM	1
kAnana	5	2	klI	1
kAntalaka	5	1	puM	1
kArtsnya	5	5		1
kAvya	5	1	puM	1
kAzWIlA	5	1	strI	1
kOlaweya	5	2	puM	1
kOntI	5	1	strI	1
ka	5	5	klI|puM	1
kadru	5	1	puM	1
kakuBa	5	2	puM	1
kakzyA	5	4	strI	1
kalidruma	5	2	puM	1
kalmAza	5	1	puM	1
kandarAla	5	2	puM	1
kaqAra	5	1	puM	1
karRa	5	1	puM	1
karahAwaka	5	1	puM	1
karzaPala	5	1	puM	1
kawPala	5	2	puM	1
kawa	5	5	puM	1
kawaka	5	5	puMklI	1
keli	5	1	puMstrI	1
kfSASvin	5	1	puM	1
kfmiGna	5	1	puM	1
kfpaRa	5	2	tri	1
kimUta	5	1	a	0
kirmIra	5	1	puM	1
klIba	5	4	klI|puMklI|tri	1
koka	5	2	puM	1
kravya	5	1	klI	1
kuberaka	5	1	puM	1
kukzi	5	2	puM	1
kuntala	5	1	puM	1
kuraNga	5	2	puM	1
kuvala	5	1	klI	1
kvARa	5	1	puM	1
kvaRana	5	1	klI	1
kzAra	5	2	puM	1
kzamin	5	1	tri	1
kzamitf	5	1	tri	1
kzantf	5	1	tri	1
lAkzA	5	1	strI	1
lAsya	5	1	klI	1
laBya	5	1	tri	1
laSuna	5	1	klI	1
labDa	5	1	tri	1
lalAma	5	5	klI	1
loDra	5	1	puM	1
loka	5	3	puM	1
lomaSa	5	1	puM	1
mAMsI	5	1	strI	1
mAMsa	5	1	klI	1
mAlaka	5	1	puM	1
mAna	5	5	puM	1
mArjana	5	1	puM	1
mETuna	5	3	klI	1
mEtrAvaruRi	5	2	puM	1
mUrDABizikta	5	2	puM	1
mUta	5	1	tri	1
maDurikA	5	1	strI	1
maRqUka	5	1	puM	1
maRqala	5	3	klI|tri	1
maRqana	5	2	klI|tri	1
mahAkanda	5	1	puM	1
mahAkula	5	1	puM	1
manTa	5	2	puM	1
manyu	5	4	puM	1
marIca	5	1	klI	1
mfttAlaka	5	1	klI	1
miSreya	5	1	puM	0
misI	5	1	strI	0
mlecCamuKa	5	1	klI	1
nAmaDeya	5	1	klI	1
nApita	5	2	puM	1
nAsatyO	5	1	puMdvi	0
nUda	5	1	puM	1
namasita	5	1	tri	1
namasyA	5	1	strI	1
namasyita	5	1	tri	1
nandika	5	1	puM	1
nandikeSvara	5	1	puM	1
nandivfkza	5	1	puM	1
nanu	5	5	a	1
narman	5	1	klI	1
nartana	5	1	klI	1
nawI	5	2	strI	1
nawana	5	1	klI	1
nftya	5	1	klI	1
niHSalAka	5	1	tri	1
niScaya	5	4	puM	1
nidrA	5	2	strI	1
nikAmam	5	1	a	0
nikvARa	5	1	puM	0
nikvaRa	5	1	puM	1
nimba	5	1	puM	1
niyati	5	1	strI	1
nizaNga	5	1	puM	1
nizaNgin	5	1	puM	1
nizka	5	5	puMklI	1
nyAya	5	2	puM	1
odana	5	1	puMklI	1
pARipIqana	5	1	klI	1
pAScAtya	5	1	tri	1
pAkala	5	1	klI	1
pAriBAvya	5	1	klI	1
pAtAla	5	2	klI	1
pAtra	5	5	klI	1
pAyasa	5	2	puM|puMklI	1
pItasAraka	5	1	puM	1
pUga	5	3	puM	1
pUjA	5	1	strI	1
pUta	5	4	puM|tri	1
padmAwa	5	1	puM	1
palala	5	1	klI	1
parAga	5	5	puM	1
parIhAsa	5	1	puM	1
pariRaya	5	1	puM	1
paricCada	5	5		1
parigraha	5	5	puM	1
patatra	5	1	klI	1
piNga	5	1	puM	1
piRqItaka	5	1	puM	1
piSaNga	5	1	puM	1
piSita	5	1	klI	1
picumanda	5	1	puM	1
prAMSu	5	1	tri	1
prAvAra	5	2	puM	1
prIta	5	1	tri	1
praRaya	5	6	puM	1
praTita	5	1	tri	1
prahlanna	5	1	tri	1
prajavin	5	1	puM	1
prakARqa	5	2	klI|puMklI	1
prakAmam	5	1	a	1
pramudita	5	1	tri	1
prapunnAwa	5	1	puM	0
prasTAna	5	1	klI	1
prasUna	5	3	klI	1
prasava	5	5	puM	1
pratIta	5	3	tri	1
pravayas	5	1	puM	1
preNKita	5	1	tri	1
putrI	5	1	strI	1
rAhu	5	2	puM	1
rAjAdana	5	2	puMklI	1
rAkzA	5	1	strI	1
rAkzasI	5	1	strI	1
rAmaWa	5	2	klI	1
rakzita	5	1	tri	1
ramBA	5	2	strI	1
rasonaka	5	1	puM	1
reRukA	5	1	strI	1
retas	5	1	klI	1
riwi	5	1	puM	1
rodana	5	2	klI	1
ruhA	5	1	strI	1
sADvasa	5	1	klI	1
sArasana	5	2	klI	1
sIhuRqa	5	1	puM	1
sOvarcala	5	2	klI	1
sTUla	5	3	tri	1
sTavira	5	1	puM	1
sUnU	5	1	strI	0
sUtTAna	5	1	puM	1
saMsTA	5	4	strI	1
saMsparSA	5	1	strI	1
saMyAma	5	1	puM	1
saMyama	5	1	puM	1
saNgara	5	5	puM	0
sagotra	5	1	puM	1
sahAya	5	3	puM	1
sahana	5	1	tri	1
sahasravIryA	5	1	strI	1
sahizRu	5	1	tri	1
sajja	5	2	tri	1
samantadugDA	5	1	strI	1
samdanita	5	1	tri	0
samdita	5	1	tri	0
samujJita	5	1	tri	1
saparyA	5	1	strI	1
saptalA	5	2	strI	1
sarga	5	5	puM	1
sarjaka	5	1	puM	1
sarvatoBadra	5	2	puM	1
sattva	5	6	klI|puMklI	1
satya	5	4	klI|tri	1
setu	5	3	puM	1
smaya	5	1	puM	1
snigDa	5	3	puM|tri	1
snuk	5	1	strI	1
surAzwraja	5	1	klI	1
sutA	5	1	strI	1
svaDA	5	1	a	1
svacCanda	5	2	tri	1
svajana	5	1	puM	1
svarvEdyO	5	1	puMdvi	0
tARqava	5	1	puMklI	1
tAmraka	5	1	klI	1
tArA	5	1	strI	1
tArakA	5	1	strI	1
tURI	5	1	strI	1
tURa	5	1	puM	1
taRqula	5	1	puM	1
tanayA	5	1	strI	1
tantra	5	5	klI	1
tapasvinI	5	1	strI	1
tarasa	5	1	klI	1
tfpta	5	1	tri	1
tilva	5	1	puM	1
tirIwa	5	1	puM	1
titikzu	5	1	tri	1
trAsa	5	1	puM	1
trAta	5	1	tri	1
trasa	5	1	tri	1
tuRqin	5	1	puM	1
tundaparimfja	5	1	puM	1
tunna	5	1	puM	1
tuvarikA	5	1	strI	0
tva	5	1	tri	1
tvaca	5	1	klI	1
tvakpatra	5	1	klI	0
tyakta	5	1	tri	1
uSanas	5	1	puM	1
ucca	5	1	tri	1
udBava	5	1	puM	1
udIcya	5	3	klI|puM	1
udagra	5	1	tri	1
uddita	5	1	tri	1
udvAha	5	1	puM	1
ukti	5	1	strI	1
unnata	5	1	tri	1
upAMSu	5	1	a	1
upAsaNga	5	1	puM	1
upakuYjikA	5	1	strI	0
upayAma	5	1	puM	1
upayama	5	1	puM	1
uqu	5	1	strIklI	1
uraRAKya	5	1	puM	1
uraja	5	1	puM	0
utAho	5	1	a	1
utpatti	5	1	strI	1
vApya	5	1	klI	1
vAraRabusA	5	1	strI	1
vArta	5	3	klI|tri	0
vEDeya	5	1	tri	1
vESya	5	4	puM	1
vOzaw	5	1	a	1
vacana	5	1	klI	1
vacas	5	1	klI	1
vajradru	5	1	puM	1
vallava	5	1	puM	1
varANgaka	5	1	klI	1
varAwaka	5	2	puM	1
varDaki	5	2	puM	1
varizWa	5	2	klI|tri	1
varzABU	5	1	puM	1
varza	5	6	klI|puMklI	1
vasana	5	1	klI	1
vastra	5	2	klI	1
vatsa	5	4	puM|puMklI	1
vatsara	5	5	puM	1
vazaw	5	1	a	1
veda	5	5	puM	1
vegin	5	2	puM	1
vella	5	1	puMklI	1
vellaja	5	1	klI	1
vfkaDUpa	5	2	puM	1
viBItaka	5	1	tri	1
viDuta	5	1	tri	1
viSruta	5	1	tri	1
vijYAta	5	1	tri	1
vijana	5	2	tri	1
vipina	5	1	klI	1
viqaNga	5	1	puMklI	1
vitAna	5	5	puMklI|tri	1
vivAha	5	1	puM	1
viyAma	5	1	puM	1
viyama	5	1	puM	1
viza	5	4	klI|puMklI	1
vyAhAra	5	1	puM	1
vyAsa	5	2	puM	1
vyaYjana	5	5	klI	1
yAYcA	5	2	strI	0
yAva	5	1	puM	1
yUpa	5	1	puM	1
yaTAjAta	5	1	tri	1
yaTepsitam	5	1	a	1
yoga	5	5	puM	1
ABaraRa	4	1	klI	1
ADi	4	5	puM	1
AKuBuj	4	1	puM	1
AN	4	4	a	0
Adi	4	1	puM	1
AhvAna	4	3	klI	1
Akalpa	4	1	puM	1
AkzIva	4	1	puM	0
Ala	4	1	klI	1
Alokana	4	1	klI	1
AmalakI	4	2	tri	1
AmnAya	4	2	puM	1
AnupUrvI	4	1	strI	0
Apad	4	3	strI	1
Artagala	4	1	puM	1
Askandita	4	1	klI	1
AstaraRa	4	1	klI	1
AsurI	4	1	strI	1
Atmaja	4	1	puM	1
Avapana	4	1	klI	1
AvegI	4	1	strI	1
Avfta	4	1	tri	1
Avftta	4	1	tri	1
Ayatta	4	1	tri	1
BAjana	4	2	klI	1
BEzajya	4	1	klI	1
BOma	4	1	puM	1
BUriPenA	4	1	strI	1
BaRqAkI	4	1	strI	1
BadrabalA	4	1	strI	1
Balluka	4	2	puM	1
Basita	4	1	klI	1
Basman	4	2	klI	1
Bezaja	4	1	klI	1
Bikzu	4	2	puM	1
Bizaj	4	1	puM	1
Brama	4	3	puM	1
CAga	4	2	puM	1
CAyA	4	4	strI	1
CagalAntrI	4	1	strI	1
Cagalaka	4	1	puM	1
DAman	4	4	klI	1
DOreya	4	1	puM	1
DOritaka	4	1	klI	1
DUpAyita	4	1	tri	1
DUpita	4	1	tri	1
DizRya	4	4	tri	1
DoraRa	4	1	klI	1
DurIRa	4	1	puM	1
Durvaha	4	1	puM	0
Durya	4	1	puM	1
Dvaja	4	2	puMklI	1
DyAma	4	1	klI	1
Eleya	4	1	klI	1
ErAvata	4	3	puM	1
GaRwApAwali	4	1	puMstrI	1
GanasAra	4	1	puM	1
Gasra	4	1	puM	1
Gawa	4	2	puM	1
Gfta	4	2	klI	1
Goza	4	4	puM	1
JAwala	4	1	puM	1
Kalu	4	4	a	1
Kapura	4	1	puM	1
KarA	4	1	strI	1
KarASvA	4	1	strI	1
KarapuzpA	4	1	strI	1
KarjUra	4	2	klI|puM	1
Karva	4	3	puM	1
OzaDa	4	1	klI	1
PaRijjaka	4	1	puM	0
SARqilya	4	1	puM	1
SASvata	4	2	tri	1
SAlA	4	2	strI	1
SAlmali	4	1	puM	1
SArivA	4	2	strI	1
SEleya	4	1	klI	1
SIrza	4	1	klI	1
SUnya	4	2	tri	1
SaNku	4	4	puM	1
SakrapuzpikA	4	1	strI	1
SambAkfta	4	1	tri	1
SapaTa	4	4	puM	1
SarkarA	4	4	strI	1
SataprAsa	4	1	puM	1
SawI	4	1	strI	0
SePas	4	2	klI	1
Selu	4	1	puM	1
SiKara	4	2	klI|puMklI	1
SilAjatu	4	1	klI	1
SivamallI	4	1	strI	1
SlezmAtaka	4	1	puM	1
SoBAYjana	4	1	puM	1
SrARA	4	1	strI	1
SrAvya	4	1	klI	1
SrIPala	4	1	puM	1
SrIparRikA	4	1	strI	1
SrIvAsa	4	1	puM	1
SrIvezwa	4	1	puM	1
SreRI	4	1	strI	1
SruvAvfkza	4	1	puM	0
SuRWI	4	1	strI	1
SuzirA	4	1	strI	0
UzmAgama	4	1	puM	0
a	4	1	a	1
aBAva	4	1		1
aBihAra	4	4	puM	1
aBilAzuka	4	1	tri	1
aBiyoga	4	3	puM	1
aBreza	4	1	puM	1
aByAdAna	4	1	klI	1
aDara	4	2	puM|tri	1
aDiSrayaRI	4	1	strI	1
aDoBuvana	4	1	klI	1
aDunA	4	1	a	1
aDvaga	4	1	puM	1
aDvanIna	4	1	puM	1
aDvanya	4	1	puM	1
aMSumatI	4	1	strI	1
aNGri	4	3	puM	1
aNgAraka	4	1	puM	1
aRIya	4	1	tri	0
aSmaja	4	1	klI	1
aSmanta	4	1	klI	1
aSmapuzpa	4	1	klI	1
aSri	4	3	strI	1
aSvakarRaka	4	1	puM	1
aSvatTa	4	1	puM	1
adButa	4	3	puM|tri	1
agadaNkAra	4	1	puM	0
agnimanTa	4	1	puM	1
ajaganDikA	4	1	strI	1
ajinayoni	4	1	puM	1
ajira	4	3	klI	1
akzaDUrta	4	1	puM	1
akzadevin	4	1	puM	1
alaNkfta	4	1	tri	0
alpIyas	4	1	tri	1
alpizWa	4	1	tri	1
amatra	4	2	klI	1
amlaloRikA	4	1	strI	1
anDakAra	4	1	puMklI	1
anUru	4	1	puM	1
anavaskara	4	1	tri	1
anfta	4	4	klI	1
antAvasAyin	4	1	puM	1
antaHpura	4	1	klI	1
antikA	4	1	strI	1
anuja	4	1	puM	1
anukrama	4	1	puM	1
anvezita	4	1	tri	0
anvizwa	4	1	tri	1
apAvfta	4	1	tri	1
apadeSa	4	4	puM	1
apasavya	4	2	tri	1
appati	4	1	puM	1
arDa	4	3	klI|puM	1
arti	4	4	strI	1
aruzkara	4	2	puM|tri	1
arvAk	4	1	klI	1
asakft	4	1	a	1
asatIsuta	4	1	puM	1
asru	4	1	klI	0
asvacCanda	4	1	tri	1
atIta	4	4		1
ati	4	3	a	1
atiSoBana	4	1	tri	1
aticarA	4	1	strI	1
atikrama	4	2	puM	1
atimukta	4	1	puM	1
atyalpa	4	1	tri	1
avAra	4	1	klI	1
avagaRita	4	1	tri	1
avajYAta	4	1	tri	1
avamAnita	4	1	tri	1
avamata	4	1	tri	1
avaraja	4	1	puM	1
avaroDa	4	1	puM	1
avaroDana	4	1	klI	1
avayava	4	2	puM	1
bARA	4	1	puMstrI	1
bAhuja	4	1	puM	1
bAnDakineya	4	1	puM	1
bAzpikA	4	1	strI	1
baBru	4	4	puM|tri	1
bahurUpa	4	1	puM	1
bahuvAraka	4	1	puM	1
balhIka	4	1	klI	0
bali	4	6	puM|strI	1
balisadman	4	1	klI	1
banDana	4	3	klI	1
banDula	4	1	puM	1
barbarA	4	1	strI	1
barhapuzpa	4	1	klI	1
barhizWa	4	1	klI	1
bfhatikA	4	1	strI	1
bfhatkukzi	4	1	puM	1
bilva	4	1	puM	1
biqAla	4	1	puM	1
boDidruma	4	1	puM	1
buka	4	1	puM	1
cANgerI	4	1	strI	1
cArawI	4	1	strI	1
cOrya	4	2	klI	1
caRqAta	4	1	puM	1
cakrIvat	4	1	puM	1
caladala	4	1	puM	1
candrabAlA	4	1	strI	1
candrasaMjYa	4	1	puM	1
carcA	4	2	strI	1
carmakazA	4	1	strI	1
carman	4	2	klI	1
cikitsaka	4	1	puM	1
cirantana	4	1	tri	1
cukrikA	4	1	strI	1
cullI	4	1	strI	1
dAsI	4	1	strI	1
dAva	4	3	puM	1
dEtyA	4	1	strI	1
dIna	4	1	tri	1
dIpya	4	1	puM	1
dUna	4	1	tri	1
daMSita	4	1	tri	1
dama	4	2	puM	1
dantaSaWA	4	1	strI	1
darSaka	4	1	puM	1
daridra	4	1	tri	1
dava	4	3	puM	1
deSarUpa	4	1	klI	1
devajagDaka	4	1	klI	1
devatAqa	4	1	puM	1
devavallaBa	4	1	puM	1
dina	4	1	klI	1
divasa	4	1	puMklI	1
divaspfTivyI	4	1	strIdvi	0
drAkzA	4	1	strI	1
duraDva	4	1	puM	1
durgata	4	1	tri	1
durvarRa	4	1	klI	1
durviDa	4	1	tri	1
duzpraDarziRI	4	1	strI	1
dvApara	4	3	puM	1
dvAr	4	4	strI	1
dvArapAla	4	1	puM	1
dvAsTita	4	1	puM	0
dvandva	4	3	klI	0
dviguRAkfta	4	1	tri	0
dvihalya	4	1	tri	1
dvisItya	4	1	tri	1
dvitIyAkfta	4	1	tri	0
dyAvABUmI	4	1	strIdvi	1
dyAvApfTivyO	4	1	strI	0
dyUtakft	4	1	puM	1
ekAzWIla	4	1	puM	1
elA	4	1	strI	1
elAvAluka	4	1	klI	1
etarhi	4	1	a	1
fkzaganDA	4	1	strI	1
fta	4	2	klI	1
gEreya	4	1	klI	1
gaRikArikA	4	1	strI	1
gahvara	4	3	klI	1
ganDakuwI	4	1	strI	1
ganDamUlI	4	1	strI	1
ganDavahA	4	1	strI	1
ganDinI	4	1	strI	1
garDana	4	1	tri	1
garI	4	1	strI	1
gardaBARqa	4	1	puM	1
gardaBa	4	1	puM	1
garuqAgraja	4	1	puM	1
gavezita	4	1	tri	1
gfDnu	4	1	tri	1
golIQa	4	1	puM	1
gopI	4	1	strI	1
gostanI	4	1	strI	1
grAmyaDarma	4	1	puM	1
graha	4	6	puM	1
granTiparRa	4	1	klI	1
guggulu	4	2	puM	1
gulma	4	6	puM	1
guqapuzpa	4	1	puM	1
guvAka	4	1	puM	1
hanta	4	4	a	1
haridrA	4	1	strI	1
haritAlaka	4	1	klI	1
harivAluka	4	1	klI	1
hastipaka	4	2	puM	1
hava	4	4	puM	1
havis	4	2	klI	1
hayamAraka	4	1	puM	1
hemAdri	4	1	puM	1
hiNgu	4	1	klI	1
hiNgulI	4	1	strI	1
hilamocikA	4	1	strI	1
himavAlukA	4	1	strI	1
hrI	4	1	strI	1
hrIbera	4	1	klI	0
hrasvANga	4	1	puM	1
hrasva	4	2	puM	1
idAnIm	4	1	a	1
ikzura	4	1	puM	1
indrARikA	4	1	strI	1
indradru	4	1	puM	1
indrasurasa	4	1	puM	1
iti	4	4	a	1
jAla	4	5	klI	1
jAyu	4	1	puM	1
jIvA	4	1	strI	1
jIvanI	4	1	strI	1
jIvanIyA	4	1	strI	1
jIvantI	4	1	strI	1
jahU	4	1	strI	0
jamBIra	4	1	puM	1
jamBa	4	1	puM	1
jamBala	4	1	puM	1
jambAla	4	2	puM	1
jatuka	4	1	klI	1
jayA	4	1	strI	1
jayantI	4	1	strI	1
juNga	4	1	puM	1
jyAyas	4	3	puM|tri	1
jyotizmatI	4	1	strI	1
kARqekzu	4	1	puM	1
kASyapi	4	1	puM	1
kAYcanI	4	1	strI	1
kAca	4	5	puM	1
kAmpilya	4	1	puM	1
kAnti	4	2	strI	1
kApaTa	4	1	puM	1
kApota	4	2	klI	1
kArSya	4	1	puM	1
kAsara	4	1	puM	1
kAzWatakza	4	1	puM	0
kEwarya	4	1	puM	1
kIlA	4	1	puMstrI	1
kOlIna	4	4	klI	1
kOlawera	4	1	puM	1
kUla	4	1	klI	1
kUrcaSIrza	4	1	puM	1
kaRikA	4	1	strI	1
kadaDvan	4	1	puM	1
kadarya	4	1	tri	1
kakuB	4	1	strIba	1
kalApa	4	4	puM	1
kalambI	4	1	strI	1
kaliNga	4	2	klI|puM	1
kalpAnta	4	1	puM	1
kapivallI	4	1	strI	1
kapotANGri	4	1	strI	1
karIra	4	3	puM|puMklI	1
karaRa	4	4	klI	1
karavIra	4	1	puM	1
karcUra	4	1	puM	1
kardama	4	1	puM	1
kariRI	4	4	strI	1
karipippalI	4	1	strI	1
karmakara	4	2	puM|tri	1
karmandin	4	1	puM	1
karpUra	4	1	puMklI	1
karzaka	4	2	puM	1
kawaBI	4	1	strI	1
keSAmbunAma	4	1	klI	0
ketu	4	4	puM	1
kfzRikA	4	1	strI	1
kfzika	4	1	puM	1
kimpacAna	4	1	tri	1
kokilAkza	4	1	puM	1
koladala	4	1	klI	1
kolavallI	4	1	strI	1
koraNgI	4	1	strI	1
koza	4	4	puMklI	1
krozwrI	4	1	strI	1
kuSa	4	2	klI|puMklI	1
kuYjarASana	4	1	puM	1
kucandana	4	1	klI	1
kuja	4	1	puM	1
kukkuwa	4	2	puM	1
kumAraka	4	1	puM	1
kumBI	4	1	strI	1
kumudikA	4	1	strI	1
kunda	4	3	puM|puMklI	1
kusumBa	4	3	klI|puM	1
kusuma	4	1	klI	1
kuwaka	4	1	klI	1
kzIraSuklA	4	1	strI	1
kzama	4	4	klI|tri	1
kzuDABijanana	4	1	puM	1
kzura	4	1	puM	1
kzurin	4	1	puM	1
kzut	4	2	strI	1
lANgalI	4	2	strI	1
lajjA	4	1	strI	1
lakza	4	4	klI	1
lakzya	4	3	klI	1
locamastaka	4	1	puM	1
lohitANga	4	1	puM	1
lubDa	4	1	tri	1
lulAya	4	1	puM	1
mADavI	4	1	strI	1
mAlUra	4	1	puM	1
mArgita	4	1	tri	1
mArjAra	4	1	puM	1
mUlaka	4	1	puMklI	1
maDUka	4	1	puM	1
maDudruma	4	1	puM	1
maDuraka	4	1	puM	1
maDusravA	4	1	strI	1
maDuzWIla	4	1	puM	1
maRqita	4	1	tri	1
macarcikA	4	1	strI	1
mahAsahA	4	2	strI	1
mahIsuta	4	1	puM	1
maha	4	1	puM	1
mahiza	4	1	puM	1
makUlaka	4	1	puM	1
manAk	4	2	a	1
manTA	4	1	puM	1
manTAna	4	1	puM	1
manTadaRqaka	4	1	puM	1
mandAkza	4	1	klI	1
manohAri	4	1	klI	0
maskarin	4	1	puM	1
mastaka	4	1	puMklI	1
matallikA	4	1	strI	1
matsara	4	4	puM|tri	1
meKalA	4	2	strI	1
meru	4	1	puM	1
mfdu	4	3	tri	1
mfdvIkA	4	1	strI	1
mfgaRA	4	1	strI	1
mfgita	4	1	tri	1
mfzwa	4	1	tri	1
mitampaca	4	1	tri	1
mocaka	4	1	puM	1
muRqin	4	1	puM	1
muhus	4	1	a	1
murA	4	1	strI	1
muzkaka	4	1	puM	1
nAgaloka	4	1	puM	1
nAqI	4	3	strI	1
nAraka	4	2	puM	1
nAsA	4	2	strI	1
nAsikA	4	1	strI	1
nUnam	4	3	a	1
na	4	1	a	1
nadIsarja	4	1	puM	1
nahi	4	1	a	1
nalI	4	1	strI	1
napuMsaka	4	2	puMklI	1
nepaTya	4	1	klI	1
netrAmbu	4	1	klI	1
nfSaMsa	4	2	tri	1
niDuvana	4	1	klI	1
niDyAna	4	1	klI	1
niGna	4	1	tri	1
niHSoDya	4	1	tri	1
niHsva	4	1	tri	1
niSAhvA	4	1	strI	1
nihnava	4	4	puM	1
nikumBa	4	1	puM	1
nirAkfti	4	2	puM	1
nirISa	4	1	klI	1
nirRikta	4	1	tri	1
nirasta	4	3	klI|tri	1
niravagraha	4	1	tri	1
nirvarRana	4	1	klI	1
niryUha	4	4	puM	1
nisarga	4	1	puM	1
nizWA	4	4	strI	1
nizadvara	4	1	puM	1
nizkuwI	4	1	strI	1
no	4	1	a	1
nyaYc	4	1	tri	1
otu	4	1	puM	1
pASa	4	3	puM	1
pASin	4	1	puM	1
pASupata	4	1	puM	1
pAnTa	4	1	puM	1
pArASarin	4	1	puM	1
pArAvatANGri	4	1	strI	0
pAra	4	1	klI	1
pItA	4	1	strI	1
pOra	4	1	klI	1
pOrastya	4	1	tri	1
pUraRI	4	1	strI	1
paRyA	4	1	strI	1
paTika	4	1	puM	1
padmacAriRI	4	1	strI	1
pakzAntara	4	2		1
pakzman	4	4	klI	1
pariBUta	4	1	tri	1
pariDAna	4	2	klI	1
pariDi	4	3	puM	1
paripAwI	4	1	strI	0
paristoma	4	1	puM	1
parivrAj	4	1	puM	1
parizkAra	4	1	puM	1
parizkfta	4	1	tri	1
parvan	4	3	klI	1
paryApti	4	3	strI	1
paryaNka	4	3	puM	1
patrANga	4	2	klI	0
pawala	4	4	klI|strIklI	1
pewaka	4	2	puM|tri	1
pfTvIkA	4	1	strI	1
pfcCA	4	3	strI	1
piWara	4	2	klI|puM	1
piYjara	4	1	klI	1
picCilA	4	1	strI	1
picaRqa	4	1	puM	1
picaRqila	4	1	puM	1
pipAsA	4	2	strI	1
pippala	4	1	puM	1
piwaka	4	2	puM|tri	1
pluta	4	1	klI	1
powagala	4	2	puM	1
prAkASya	4	3		1
pracetas	4	1	puM	1
prakASa	4	3	puM|tri	1
prakAra	4	4	puM	1
prakawodita	4	1	tri	0
prakrama	4	1	puM	1
prasADana	4	1	klI	1
prasADita	4	1	tri	1
prasAriRI	4	1	strI	1
prasTapuzpa	4	1	puM	1
prasU	4	2	strI	1
pratIra	4	1	klI	1
pratana	4	1	tri	1
pratihAsa	4	1	puM	1
pratikUla	4	2	tri	1
pratikarman	4	1	klI	1
pratna	4	1	tri	1
praveRi	4	1	strI	0
pravfdDa	4	3	tri	1
pravftti	4	2	strI	1
preman	4	2	klI|puM	1
puMnAga	4	1	puM	1
puRqraka	4	1	puM	1
punaHpunaH	4	1	a	0
purA	4	4	a	1
purARa	4	1	tri	1
purAtana	4	1	tri	1
purastAt	4	4	a	1
putra	4	1	puM	1
puzkala	4	1	tri	1
rASi	4	4	puM|puMstrI	1
rAjabalA	4	1	strI	1
rAjanya	4	1	puM	1
rAjikA	4	1	strI	1
rAla	4	1	puM	1
rAsaBa	4	1	puM	1
rOhiza	4	2	klI|puM	1
raMhas	4	1	klI	1
raSanA	4	1	strI	1
raTa	4	3	puM	1
raTakAra	4	2	puM	1
raTyA	4	2	strI	1
raYjana	4	1	klI	1
rajju	4	1	strI	1
raktANga	4	1	puM	1
raktacandana	4	2	klI	1
rakzA	4	1	strI	1
rasAtala	4	1	klI	1
rata	4	2	klI	1
ratnasAnu	4	1	puM	1
raya	4	1	puM	1
reRu	4	2	puMstrI	1
recita	4	1	klI	1
roDa	4	1	puM	1
rodas	4	1	klI	1
rogahArin	4	1	puM	1
rudDa	4	1	tri	1
sAkam	4	1	a	1
sAlaparRI	4	1	strI	0
sAman	4	3	klI	1
sArDam	4	1	a	1
sAraNga	4	4	puM|tri	1
sAtalA	4	1	strI	1
sAyam	4	2	a	1
sEMhikeya	4	1	puM	1
sEriBa	4	1	puM	1
sOmya	4	3	puM|tri	1
sTAna	4	5	klI	1
sTOReya	4	1	klI	1
sTURA	4	3	strI	1
sTirAyus	4	1	puM	1
sUnu	4	1	puM	1
sUrasUta	4	1	puM	1
saDuranDara	4	1	puM	0
saMSaya	4	3	puM	1
saMnadDa	4	1	tri	1
saMsidDi	4	1	strI	1
saMvIkzana	4	1	klI	0
saMvIta	4	1	tri	1
saMvarta	4	1	puM	1
saMvatsara	4	1	puM	1
saMveSa	4	1	puM	1
saNKyAna	4	1	klI	0
saNkIrRa	4	4	puM|tri	0
saNkula	4	2	klI|tri	0
sadAtana	4	1	tri	1
sahA	4	2	strI	1
sahasraveDi	4	1	klI	0
samaYjasa	4	1	klI	1
samam	4	1	a	1
samayA	4	3	a	1
sampad	4	2	strI	1
samprati	4	1	a	1
sanAtana	4	1	tri	1
santApita	4	1	tri	0
santapta	4	1	tri	0
saptakI	4	1	strI	1
saraRA	4	1	strI	1
sarala	4	2	puM|tri	1
saraladrava	4	1	puM	1
sarja	4	1	puM	1
sarjarasa	4	1	puM	1
sarvarasa	4	1	puM	1
sasyasaMvara	4	1	puM	1
satrA	4	1	a	1
satra	4	4	klI	1
sattama	4	1	tri	1
sidDAnta	4	4	puM	1
sinduka	4	1	puM	1
sinduvAra	4	1	puM	1
sitABra	4	1	puM	1
skanDa	4	3	puM	1
smfti	4	3	strI	1
sruc	4	1	strI	1
sruva	4	1	puM	1
staBa	4	1	puM	1
stotra	4	2	klI	1
stryagAra	4	1	klI	1
stuti	4	2	strI	1
suDA	4	4	strI	1
suKavarcaka	4	1	puM	1
sukfta	4	2	klI	1
suma	4	1	klI	1
sumeru	4	1	puM	1
supArSvaka	4	1	puM	1
surAlaya	4	1	puM	1
svAdvI	4	1	strI	0
svApa	4	1	puM	1
svErin	4	1	tri	1
svapna	4	1	puM	1
svarBAnu	4	2	puM	1
svarjikAkzAra	4	1	puM	1
svatantra	4	1	tri	1
syada	4	1	puM	1
tAlaparRI	4	1	strI	1
tAvat	4	4	a	1
tIkzRaganDaka	4	1	puM	1
tIrTa	4	4	klI	1
takzan	4	1	puM	1
tallaja	4	1	puM	1
tama	4	1	puM	1
tamisra	4	1	klI	1
tanaya	4	2	puM	1
tantuvAya	4	2	puM	1
tapa	4	1	puM	1
taralA	4	1	strI	1
tarkArI	4	1	strI	1
tarka	4	3	puM	1
tarpaRa	4	3	klI	1
tawa	4	1	tri	1
tftIyAprakfti	4	1	puM	0
tfzRaj	4	1	tri	1
tiktaSAka	4	1	puM	1
tilaparRI	4	1	strI	1
timira	4	1	klI	1
tiras	4	3	a	1
trapA	4	1	strI	1
tuNgI	4	1	strI	1
tunda	4	1	klI	1
tundika	4	1	puM	1
tundin	4	1	puM	1
tvac	4	4	strI	1
udAra	4	3	tri	1
udDAna	4	1	klI	1
udDAta	4	1	puM	0
udDarza	4	1	puM	1
udDava	4	2	puM	1
udGa	4	1	puM	1
udara	4	1	klI	1
uddAla	4	1	puM	1
udumbaraparRI	4	1	strI	0
udyAna	4	4	klI	1
ulUKalaka	4	1	klI	1
upaBft	4	1	strI	1
upahAra	4	2	puM	1
upakuYcikA	4	1	strI	1
upodakA	4	1	strI	0
uta	4	3	a|tri	1
utpalaSArivA	4	1	strI	0
utseDa	4	3	puM	1
uttamANga	4	1	klI	1
uttarAsaNga	4	1	puM	1
uttarIya	4	1	klI	1
uzRikA	4	1	strI	1
uzRopagama	4	1	puM	1
vAhadvizat	4	1	puM	1
vAhana	4	2	klI	1
vAleya	4	1	puM	1
vAluka	4	1	klI	1
vAmana	4	3	puM	1
vAnaprasTa	4	2	puM	1
vArtAkI	4	1	strI	0
vAsantI	4	1	strI	1
vAsara	4	1	puMklI	1
vAstuka	4	1	klI	1
vAtAyu	4	1	puM	1
vEdya	4	1	puM	1
vEjayantikA	4	1	strI	1
vITi	4	1	strI	1
vIrataru	4	1	puM	1
vIruD	4	2	strI	1
vaSA	4	4	strI	1
vacA	4	1	strI	1
vadAnya	4	2	tri	1
valaya	4	3	puMklI	1
valayita	4	1	tri	1
valgita	4	1	klI	1
vanIyaka	4	1	tri	1
vandA	4	2	strI	1
varatrA	4	2	strI	1
varmita	4	1	tri	1
vasta	4	1	puM	1
vawI	4	1	tri	1
veSyA	4	2	strI	1
veza	4	1	puM	1
vezwita	4	1	tri	1
vfTA	4	3	a	1
vfdDadAraka	4	1	puM	1
vfkzAdanI	4	2	strI	1
vftra	4	4	puM	1
vfzadaMSaka	4	1	puM	1
viBUzaRa	4	1	klI	1
viDuntuda	4	1	puM	0
viSvaBezaja	4	1	klI	1
vicayana	4	1	klI	1
vidArI	4	1	strI	1
vidAriganDA	4	1	strI	0
vidrumalatA	4	1	strI	1
vikaNkata	4	1	puM	1
vilepI	4	1	strI	1
vilepana	4	2	klI	1
vimalA	4	1	strI	1
vipaTa	4	1	puM	1
vipad	4	3	strI	1
viparyAsa	4	2	puM	1
virAj	4	1	puM	1
vismaya	4	2	puM	1
vispazwa	4	1	tri	1
vizwapa	4	1	klI	1
vrIhi	4	2	puM	1
vrIqA	4	1	strI	1
vratin	4	2	puM	1
vyAGrapAd	4	1	puM	1
vyUQakaNkawa	4	1	tri	1
vyaDva	4	1	puM	1
vyavAya	4	1	puM	1
yAcaka	4	1	tri	1
yAcanaka	4	1	tri	1
yAdasAmpati	4	1	puM	0
yAvat	4	4	a	1
yakzaDUpa	4	1	puM	1
yavAgU	4	1	strI	1
yavIya	4	1	puM	0
yogya	4	2	klI	1
yugya	4	2	klI	1
zaqgranTikA	4	1	strI	1
A	3	3	a	1
ADoraRa	3	1	puM	1
AKewa	3	1	puM	1
AScarya	3	2	tri	1
ASis	3	3	strI	1
AcCodana	3	1	klI	1
Adikavi	3	1	puM	1
Agas	3	3	klI	1
AgrahAyaRika	3	1	puM	1
Ajya	3	1	klI	1
AkAra	3	3	puM	1
Akarza	3	3	puM	1
Akranda	3	3	puM	1
Akula	3	2	tri	1
Amukta	3	1	tri	1
AnAha	3	2	puM	1
Anarta	3	3	puM	1
ApannasattvA	3	1	strI	1
Aqambara	3	3	puM	1
ArADana	3	3	klI	1
Arati	3	1	strI	1
AsPowA	3	2	strI	0
AtaNka	3	3	puM	1
AtaYcana	3	3	klI	1
AvApaka	3	1	puM	1
Avigna	3	1	puM	1
AyuDIya	3	1	puM	1
AyuDa	3	3	klI	1
AyuDika	3	1	puM	1
BAdra	3	1	puM	1
BAdrapada	3	1	puM	1
BAlUka	3	1	puM	1
BAryApatI	3	1	puMdvi	0
BIluka	3	1	tri	1
BIruka	3	1	tri	1
BUnimba	3	2	puM	1
BUpadI	3	1	strI	1
BUtika	3	3	klI	1
BUzaRa	3	3	klI	1
BadrAkaraRa	3	1	klI	1
BadraSrI	3	1	strI	1
BallAtakI	3	1	tri	0
Balla	3	1	puM	1
BfNgArI	3	1	strI	1
Bftaka	3	1	puM	1
BftiBuj	3	1	puM	1
Bitta	3	1	klI	1
BrAnti	3	2	strI	1
BrURa	3	4	puM	1
Buja	3	1	puMstrI	1
Canda	3	3	puM	1
Candas	3	3	klI	1
CurikA	3	1	strI	1
DAnyAka	3	1	klI	0
DAraRA	3	1	strI	1
DAtakI	3	1	strI	1
DAtupuzpikA	3	1	strI	1
DIvara	3	2	puM	1
DUli	3	1	strI	1
DUmaketu	3	3	puM	1
DamanI	3	1	strI	1
Danuzpawa	3	1	puM	1
DenukA	3	2	strI	1
Dfti	3	3	strI	1
ErAvaRa	3	1	puM	1
GanAGana	3	3	puM	1
GawA	3	2	strI	1
GrARatarpaRa	3	1	puM	1
Izat	3	1	a	1
JIrukA	3	1	strI	1
JazA	3	1	strI	1
JillikA	3	1	strI	1
KaRqa	3	1	puMklI	1
KaRqika	3	1	puM	1
KadirA	3	1	strI	1
Kadira	3	1	puM	1
KawvA	3	1	strI	1
Palaka	3	2	puMklI	1
PalapUra	3	1	puM	1
SAlAvfka	3	3	puM	1
SApa	3	2	puM	1
SAradI	3	1	strI	1
SIla	3	4	klI	1
SIrzaRya	3	2	klI|puM	1
SItaBIru	3	1	puM	1
SORqa	3	1	tri	1
SUdra	3	2	puM	1
SUla	3	3	puMklI	1
SUra	3	2	puM	1
SaRaparRI	3	1	strI	1
SaWa	3	2	tri	1
SakulAkzaka	3	1	puM	1
SamI	3	2	strI	1
Samanasvasf	3	1	strI	0
SastrAjIva	3	1	puM	1
SastrI	3	1	strI	1
SatavIryA	3	1	strI	1
SataveDin	3	1	puM	1
SayyA	3	2	strI	1
SeKara	3	3	puM	1
SePAlikA	3	1	strI	1
SiKigrIva	3	1	klI	1
SiSna	3	1	puM	1
SiYjinI	3	1	strI	1
Sipivizwa	3	3	puM	1
Siti	3	3	tri	1
SitisAraka	3	1	puM	1
SrIla	3	1	tri	1
SroRi	3	2	strI	1
SuSrUzA	3	1	strI	1
Suc	3	2	strI	1
Svetagarut	3	1	puM	1
UrRanABa	3	1	puM	1
Urja	3	1	puM	1
Urmi	3	1	puMstrI	1
aBiSasti	3	1	strI	1
aBicara	3	1	puM	1
aBipanna	3	3	tri	1
aBiprAya	3	3	puM	1
aBizava	3	2	puM	1
aBramAtaNga	3	1	puM	1
aBramuvallaBa	3	1	puM	1
aDika	3	2	tri	1
aDomSuka	3	1	klI	0
aDyakza	3	4	puM|tri	1
aNgAraDAnikA	3	1	strI	1
aNgAraSakawI	3	1	strI	1
aNgIkfti	3	3		1
aSanAyita	3	1	tri	1
aSmagarBa	3	1	puM	1
aSvA	3	2	strI	1
aYjanakeSI	3	1	strI	1
agnijvAlA	3	1	strI	1
agnimuKI	3	1	strI	1
agratas	3	2	a	1
ajAjI	3	1	strI	1
ajamodA	3	1	strI	1
akzIva	3	1	klI	0
akzaracaRa	3	1	puM	1
akzaracuYcu	3	1	puM	1
akzavatI	3	1	strI	1
amAvAsyA	3	1	strI	1
amAvasyA	3	1	strI	1
amlavetasa	3	1	puM	1
anAhata	3	1	tri	1
anDu	3	1	puM	1
anaya	3	3	puM	1
anehas	3	2	puM	1
antarA	3	1	a	1
antarIya	3	1	klI	1
antare	3	1	a	1
antarvatnI	3	1	strI	0
anucara	3	1	puM	1
anuga	3	1	tri	1
anunaya	3	3		1
anupada	3	1	klIa	1
anuplava	3	1	puM	1
anutApa	3	2	puM	1
anuttara	3	3	tri	1
anvaYc	3	1	tri	1
anvakza	3	1	tri	1
anvezaRA	3	1	strI	0
apaGana	3	1	puM	1
aparADa	3	3	puM	1
apazWu	3	1	tri	1
apinadDa	3	1	tri	1
arcitADvan	3	1	puM	0
ardanA	3	1	strI	1
artana	3	1	klI	1
asAkalya	3	2		0
asiDenukA	3	1	strI	1
asiputrI	3	1	strI	1
atipAta	3	2	puM	1
atipaTin	3	1	puM	1
ativaktf	3	1	tri	1
avaBrawa	3	1	puM	1
avagIta	3	3	klI|tri	1
avanAwa	3	1	puM	1
avarati	3	1	strI	1
avaravarRa	3	1	puM	1
avawIwa	3	1	puM	1
bAhu	3	1	puMstrI	1
bAhula	3	1	puM	1
bAlatanaya	3	1	puM	1
bIjapUra	3	1	puM	1
bahugarhyavAc	3	1	tri	1
bahuprada	3	1	tri	1
bahuviDa	3	1	tri	1
balaBadrikA	3	1	strI	1
bimbikA	3	1	strI	0
bindu	3	1	puM	1
brahmadarBA	3	1	strI	1
bramhI	3	1	strI	0
buBukzita	3	1	tri	1
cAraRAyuDa	3	1	puM	0
cAtaka	3	2	puM	1
cIrI	3	1	strI	1
cOrikA	3	1	strI	1
cUqA	3	3	strI	1
cakrANga	3	1	puM	1
cakrakAraka	3	1	klI	1
cakravAka	3	1	puM	1
camarika	3	1	puM	1
candana	3	1	puMklI	1
caraRa	3	1	puMklI	1
carmin	3	2	puM	1
catuzpaTa	3	3	klI	1
catvara	3	2	klI	1
cilla	3	2	puM|tri	1
cirAya	3	1	a	1
cira	3	1		1
cirabilva	3	1	puM	1
cirarAtrAya	3	1	a	1
cirasya	3	1	a	1
dAnaSORqa	3	1	tri	1
dAqimapuzpaka	3	1	puM	0
dArvikA	3	2	strI	1
dUra	3	3	tri	1
daRqAhata	3	1	klI	1
daSana	3	1	puM	1
daSanavAsas	3	1	klI	1
dagDa	3	1	tri	1
dakziRa	3	2	tri	1
dampatI	3	1	puMdvi	0
dantaDAvana	3	1	puM	1
darBa	3	1	puM	1
darSa	3	2	puM	1
dayAlu	3	1	tri	1
devaKAta	3	1	klI	1
devana	3	2	klI|puM	1
dinAnta	3	1	puM	1
dos	3	1	puM	1
dozA	3	2	a	1
doza	3	3	puM	1
drAviqaka	3	1	puM	1
durgati	3	1	strI	1
durodara	3	3	klI|puM	1
dvEpAyana	3	1	puM	1
dyota	3	2	puM	1
eDa	3	2	puM	1
elAparRI	3	1	strI	1
fdDi	3	1	strI	1
fkzAcCa	3	1	puM	0
ftIyA	3	1	strI	1
gANgerukI	3	1	strI	1
gArutmata	3	1	klI	1
gAtrAnulepanI	3	1	strI	1
gAyatrI	3	2	strI	1
gODAra	3	1	puM	1
gODera	3	1	puM	1
gODeya	3	1	puM	1
gaRqAlI	3	1	strI	1
gaRqakArI	3	1	strI	1
gaYjA	3	2	strI	1
ganDana	3	3	klI	1
ganDasAra	3	1	puM	1
garBa	3	4	puM	1
garBiRI	3	1	strI	1
gati	3	3		1
gavezaRA	3	1	strI	1
gfzwi	3	1	strI	1
girikarRI	3	1	strI	1
girimallikA	3	1	strI	1
goDikAtmaja	3	1	puM	1
godAraRa	3	1	klI	1
gorasa	3	1	puM	1
grAma	3	3	puM	1
grAmaRI	3	3	puM|tri	1
gucCa	3	3	puM	1
gulminI	3	1	strI	1
gurviRI	3	1	strI	1
hA	3	3	a	1
hAra	3	2	puM	1
hArda	3	1	klI	1
hUti	3	2	strI	1
hala	3	1	klI	1
halipriya	3	1	puM	1
hanu	3	2	puM|strI	1
hareRu	3	1	puM	1
hariRI	3	3	strI	1
harinmaRi	3	1	puM	1
harzamARa	3	1	tri	0
hasanI	3	1	strI	1
hasantI	3	1	strI	1
hastyAroha	3	1	puM	1
hata	3	1	tri	1
hawwavilAsinI	3	1	strI	1
hayapucCI	3	1	strI	1
hemadugDaka	3	1	puM	1
hfRIyA	3	1	strI	1
hfzwamAnasa	3	1	tri	1
hiMsA	3	3	strI	1
hiMsra	3	2	tri	1
himAvatI	3	1	strI	1
hrasvagaveDukA	3	1	strI	1
hum	3	3	a	1
iqA	3	3	strI	1
izwaganDa	3	1	puM	1
jAtApatyA	3	1	strI	1
jAta	3	2	klI	1
jAyApatI	3	1	puMdvi	1
jIraka	3	1	puM	1
jYAtf	3	2	tri	1
jaGanePalA	3	1	strI	1
jalpAka	3	1	tri	1
jampatI	3	1	puMdvi	1
janaka	3	2	puM	1
jananI	3	1	strI	1
janayitrI	3	1	strI	1
jantuPala	3	1	puM	1
jaraRa	3	1	puM	1
jetf	3	2	puM	1
jiGatsu	3	1	tri	1
jyotis	3	3	klI	1
kARqapfzWa	3	1	puM	1
kASmIra	3	1	klI	1
kAYcanAhvaya	3	1	puM	0
kAkapIluka	3	1	puM	1
kAkatinduka	3	1	puM	1
kAkendu	3	1	puM	1
kAkodumbarikA	3	1	strI	0
kAlaSeya	3	1	klI	1
kAlindI	3	1	strI	1
kAlpaka	3	1	puM	1
kAmbojI	3	1	strI	1
kApotAYjana	3	1	klI	1
kArpAsI	3	1	strI	1
kArtika	3	1	puM	0
kArtikika	3	1	puM	0
kAruRika	3	1	tri	1
kEdAraka	3	1	klI	1
kEdArika	3	1	klI	1
kEdArya	3	1	klI	1
kInASa	3	3	puM|tri	1
kIrti	3	2	strI	1
kOtUhala	3	1	klI	1
kOtuka	3	1	klI	1
kUpa	3	1	puM	1
kUpaka	3	3	puM	1
kaRwaka	3	3	puM	1
kacCU	3	1	strI	1
kaccara	3	1	tri	1
kadamba	3	1	puM	1
kaduzRa	3	1	klI	1
kakuda	3	3	puMklI	1
kakza	3	3	puM	1
kalAda	3	1	puM	1
kalAya	3	1	puM	1
kalaSa	3	1	tri	1
kalimAraka	3	1	puM	1
kalka	3	3	puMklI	1
kamalottara	3	1	klI	1
karRavezwana	3	1	klI	1
karaYjaka	3	1	puM	1
karaka	3	4	puM|puMstrI	1
karamardaka	3	1	puM	1
kararuha	3	1	puM	1
karcUraka	3	1	puM	1
kareRu	3	3	puM|strI	1
karzU	3	3	puM|strI	1
kavozRa	3	1	klI	1
kevala	3	4	klI|tri	1
kfkavAku	3	1	puM	1
kfpAlu	3	1	tri	1
kftti	3	2	strI	1
kftya	3	3	tri	1
kfzIvala	3	1	puM	1
kfzRapAkaPala	3	1	puM	1
kfzaka	3	1	puM	1
kiMSuka	3	1	puM	1
kiYcit	3	1	a	0
kiYjalka	3	3	puM	1
kimpuruza	3	1	puM	1
kinnara	3	2	puM	0
kirIwa	3	3	puMklI	1
klItaka	3	1	klI	1
klizwa	3	2	klI|tri	1
koRa	3	2	puM	1
kokila	3	1	puM	1
komala	3	2	tri	1
kovidAra	3	1	puM	1
kozRa	3	1	klI	1
kozWa	3	3	puM	1
krakara	3	2	puM	1
krama	3	2	puM	1
kramelaka	3	1	puM	1
krandana	3	3	klI	1
kuRqa	3	2	klI|puM	1
kuRqala	3	1	klI	1
kuWAra	3	1	puMstrI	1
kuddAla	3	1	puM	1
kumArI	3	2	strI	1
kunduru	3	1	puM	1
kuruvinda	3	1	puM	1
kusIdika	3	1	puM	1
kustumbaru	3	1	klI	1
kusumAYjana	3	1	klI	1
kutUhala	3	1	klI	1
kutuka	3	1	klI	1
kuwI	3	1	puMstrI	1
kuwaja	3	1	puM	1
kzEtra	3	1	klI	1
kzIba	3	1	tri	1
kzOra	3	1	klI	1
kzRuta	3	1	tri	1
kzattf	3	4	puM	1
kzetrAjIva	3	1	puM	1
kzetrajYa	3	3	puM|tri	1
kzuDita	3	1	tri	1
lANgala	3	1	klI	1
lAkzAprasAdana	3	1	puM	1
lUtA	3	1	strI	1
lakzmIvat	3	1	tri	1
lakzmaRa	3	1	puM	1
lavaRa	3	2	puM	1
leKaka	3	1	puM	1
liNga	3	3	klI	1
lipikAra	3	1	puM	1
lubDaka	3	2	puM	1
mADavaka	3	1	puM	1
mADvIka	3	1	klI	1
mARimanTa	3	1	klI	1
mAnasOkas	3	1	puM	1
mArgaSIrza	3	1	puM	1
mAsma	3	1	a	0
mAtApitarO	3	1	puMdvi	0
mAtarapitarO	3	1	puMdvi	1
mAtuluNgaka	3	1	puM	1
mAzaparRI	3	1	strI	1
mOli	3	3	puM	1
mOna	3	2	klI	1
maDuka	3	1	klI	1
maDuyazwikA	3	1	strI	1
maDvAsava	3	1	puM	1
maDyama	3	3	puM|puMklI	1
maYca	3	1	puM	1
maYjIra	3	1	puMklI	1
maYjUzA	3	1	strI	1
mahANga	3	1	puM	1
mahArajana	3	2	klI	1
malImasa	3	1	tri	1
mala	3	4	puMklI	1
maladUzita	3	1	tri	1
malapU	3	1	strI	1
malayaja	3	1	puM	1
malina	3	1	tri	1
mallikA	3	1	strI	1
mandAkinI	3	1	strI	1
mandozRa	3	1	klI	1
manohata	3	1	tri	1
mantrin	3	2	puM	1
marakata	3	1	klI	1
markawaka	3	1	puM	1
mata	3	1		1
matsyAkzI	3	1	strI	1
mattakASinI	3	1	strI	1
maya	3	1	puM	1
mayu	3	1	puM	1
meDya	3	2	tri	1
meGanAman	3	1	puM	1
meGanirGoza	3	1	puM	1
meKalakanyakA	3	1	strI	1
mehana	3	1	klI	1
mfdula	3	1	tri	1
mfgavaDAjIva	3	1	puM	1
mfgavya	3	1	klI	1
mfgayA	3	1	strI	1
mfgayu	3	1	puM	1
morvI	3	2	strI	0
muRqana	3	1	klI	1
mustA	3	1	strI	0
mustaka	3	1	puMklI	1
nATavat	3	1	tri	1
nAgabalA	3	1	strI	1
nAgakesara	3	1	puM	1
nAnArUpa	3	1	tri	1
nAqinDama	3	1	puM	0
nEmeya	3	1	puM	1
nIlikA	3	1	strI	1
nIpa	3	1	puM	1
nIvI	3	3	strI	1
nUpura	3	1	puMklI	1
naBasya	3	1	puM	1
naKara	3	1	puMklI	1
nagnikA	3	2	strI	1
naktamAla	3	1	puM	1
namaskArI	3	1	strI	1
naraka	3	1	puM	1
narmadA	3	1	strI	1
natanAsika	3	1	puM	1
navAmbara	3	1	klI	1
niSita	3	1	tri	1
nikazA	3	2	a	1
nikfta	3	2	tri	1
nimbataru	3	1	puM	1
nimitta	3	3	klI	1
nipa	3	1	puMklI	1
nirAkfta	3	1	tri	1
nirAmaya	3	2	tri	1
nirasana	3	1	klI	1
niraya	3	1	puM	1
niryAtana	3	3	klI	1
nivAta	3	3	tri	1
nizAdin	3	1	puM	1
nizWIvana	3	1	klI	1
nizWeva	3	1	puMstrI	1
nizWevana	3	1	klI	1
nizWyUti	3	1	strI	1
nizpravARi	3	1	tri	1
nuti	3	1	strI	1
nyUna	3	3	tri	1
nyagroDa	3	3	puM	1
om	3	1	a	1
ozWa	3	1	puM	1
pAMsu	3	1	puM	1
pARi	3	2	puM	1
pAdANgada	3	1	klI	1
pAkya	3	2	klI|puM	1
pAlI	3	1	strI	1
pAlaNkyA	3	1	strI	0
pAli	3	3	strI	1
pAmA	3	1	strI	1
pAman	3	1	puM	1
pArASarya	3	1	puM	1
pArada	3	1	puM	1
pAriBadra	3	1	puM	1
pArihArya	3	1	puM	1
pArijAtaka	3	2	puM	1
pAwala	3	2	puM	1
pIna	3	1	tri	1
pIta	3	3	puM	1
pIvan	3	1	tri	1
pIvara	3	1	tri	1
pOruza	3	4	klI|tri	1
pOzkara	3	1	klI	1
pOzpaka	3	1	klI	1
pUjana	3	2		1
pUtika	3	1	puM	1
pUtikaraja	3	1	puM	1
paScAt	3	3	a	1
pad	3	1	puM	1
padmapatra	3	1	klI	0
padya	3	3		1
palyaNka	3	1	puM	1
parADIna	3	1	tri	1
parAcita	3	1	puM	1
parEDita	3	1	puM	1
parIvApa	3	3	puM	1
parIvAra	3	3	puM	1
parIvarta	3	1	puM	1
parIzwi	3	1	strI	1
paraBfta	3	1	puM	1
paraSu	3	1	puMstrI	1
paraSvaDa	3	1	puM	1
parajAta	3	1	puM	1
paramam	3	1	a	1
paratantra	3	1	tri	1
paravat	3	1	tri	1
pariGa	3	3	puM	1
pariRAma	3	1	puM	1
paricaryA	3	1	strI	1
paridAna	3	1	klI	1
pariramBa	3	1	puM	1
pariskanda	3	1	puM	0
paritas	3	1	a	1
pariveza	3	1	puM	1
parizvaNga	3	1	puM	1
paryaya	3	2	puM	1
paryezaRA	3	1	strI	1
patAkA	3	1	strI	1
pataNga	3	3	puM	0
pativratA	3	1	strI	1
pawola	3	1	puM	1
pawuparRI	3	1	strI	1
pawwI	3	1	strI	1
pawwikAKya	3	1	puM	1
pewA	3	1	strI	0
pfTagviDa	3	1	tri	1
pfzat	3	1	puM	1
pfzata	3	2	puM	1
piRqaka	3	1	puM	1
picCila	3	2	tri	1
piccawa	3	1	klI	1
pika	3	1	puM	1
pinAka	3	3	puM|puMklI	1
pinadDa	3	1	tri	1
pitarO	3	1	puMdvi	0
pitfprasU	3	1	strI	1
plIhaSatru	3	1	puM	1
pluzwa	3	1	tri	1
prADAnya	3	3		1
prAcetas	3	1	puM	1
prOzWapada	3	1	puM	1
pradara	3	3	puM	1
prahi	3	1	puM	1
prajAtA	3	1	strI	1
prakIrya	3	1	puM	1
pramanas	3	1	tri	1
prasArin	3	1	tri	1
prasTa	3	4	puM|puMklI	1
prasUjanayitArO	3	1	puMdvi	0
prasUtA	3	1	strI	1
prasUtikA	3	1	strI	1
prasavya	3	1	tri	1
pratAninI	3	1	strI	1
pratIcI	3	2	strI	1
pratala	3	2	puM	1
prati	3	3	a	1
pratibadDa	3	1	tri	1
pratihata	3	1	tri	1
pratijYA	3	3		1
pratimukta	3	1	tri	1
pratyAKyAna	3	1	klI	1
pratyAKyAta	3	1	tri	1
pratyAdeSa	3	1	puM	1
pratyAdizwa	3	1	tri	1
pratyakza	3	3	tri	1
pravAla	3	3	puM|puMklI	1
pravaRa	3	3	puM|tri	1
pravezwa	3	1	puM	1
pravyakta	3	1	tri	1
priyAla	3	1	puM	1
priyatA	3	1	strI	1
pruzwa	3	1	tri	1
puYja	3	2	puM	1
pucCa	3	2	puMklI	1
pulAka	3	3	puM	1
punarBava	3	1	puM	1
puras	3	2	a	1
puraskfta	3	3	tri	1
puzpaketu	3	1	klI	1
puzya	3	2	puM	1
qimBA	3	1	strI	1
qimba	3	2	puM	1
rAzwra	3	4	klI|puMklI	1
rIRa	3	1	tri	1
rIti	3	3	strI	1
rItipuzpa	3	1	klI	1
rUpAjIvA	3	1	strI	1
raNga	3	1	klI	1
raTANgAhvaya	3	1	puM	1
raTin	3	2	puM	1
rada	3	1	puM	1
radana	3	1	puM	1
radanacCada	3	1	puM	1
raktaPalA	3	1	strI	1
rasAla	3	2	puM	1
rasita	3	1	klI	1
ratna	3	3	klI	1
revA	3	1	strI	1
riktaka	3	1	tri	1
rohin	3	1	puM	1
rohitaka	3	1	puM	1
rudita	3	2	klI	1
rukmakAraka	3	1	puM	1
sADvI	3	1	strI	1
sAdin	3	3	puM	1
sAkalya	3	3		1
sAmAjika	3	1	puM	1
sAmAnya	3	3	klI	1
sAmudra	3	1	klI	1
sAnu	3	3	puMklI	1
sIra	3	1	puM	1
sIsaka	3	1	klI	1
sOvida	3	1	puM	1
sOvidalla	3	1	puM	1
sPUrjaka	3	1	puM	1
sTAlI	3	1	strI	1
sTApatya	3	1	puM	1
sTUlalakzya	3	1	tri	1
sUcaka	3	3	tri	1
sUrata	3	1	tri	1
sUryatanayA	3	1	strI	1
sUryendusaNgama	3	1	puM	0
saBAsad	3	1	puM	1
saBAstAra	3	1	puM	1
saKI	3	2	strI	1
saMSleza	3	1	puM	1
saMjYA	3	3	strI	1
saMsaraRa	3	4	klI	1
saNga	3	2	puM	1
sagarBya	3	1	puM	1
sahaja	3	1	puM	1
sahasraveDin	3	1	puM	1
samAnodarya	3	1	puM	1
samantatas	3	1	a	1
samarTa	3	3	tri	1
sampatti	3	1	strI	1
samuccaya	3	3	puM	1
samyak	3	1	klI	1
sanDyA	3	1	strI	0
sandeha	3	1	puM	0
sannakadru	3	1	puM	1
saptaparRa	3	1	puM	1
sarpis	3	1	klI	1
sarvatas	3	1	a	1
satI	3	1	strI	1
satInaka	3	1	puM	1
satpaTa	3	1	puM	1
satyavatIsuta	3	1	puM	1
sfzwi	3	3	tri	1
sidDi	3	1	strI	1
silha	3	1	puM	1
sinDuja	3	1	klI	1
sneha	3	1	puM	1
snuta	3	1	tri	1
sodarya	3	1	puM	1
somavalka	3	3	puM	1
somavallarI	3	1	strI	1
somodBavA	3	1	strI	1
spazwa	3	1	tri	1
srotas	3	3	klI	1
srotoYjana	3	1	klI	1
sruta	3	1	tri	1
stEnya	3	1	klI	1
stamba	3	4	puM	1
stananDayI	3	1	strI	0
stanapA	3	1	strI	1
stanita	3	1	klI	1
stava	3	1	puM	1
steya	3	1	klI	1
suBikzA	3	1	strI	1
sucaritrA	3	1	strI	1
sukumAra	3	1	tri	1
supaTin	3	1	puM	1
suradIrGikA	3	1	strI	1
suzeRa	3	1	puM	1
svaDiti	3	1	puMstrI	1
svarRadI	3	1	strI	1
svarRakAra	3	1	puM	1
svarRakzIrI	3	1	strI	1
svasti	3	3	a	1
syUta	3	2	puM|tri	1
syanna	3	1	tri	1
tAlapatra	3	1	klI	0
tAmracUqa	3	1	puM	1
tUzRIm	3	2	a	1
taTya	3	2	klI	1
tala	3	3	klI|puMklI	1
talpa	3	3	puMklI	1
tamAlapatra	3	1	klI	0
tamonud	3	3	puM	1
tamopaha	3	3	puM	1
tantraka	3	1	tri	1
tapas	3	3	klI|puM	1
taraNga	3	1	puM	0
tejita	3	1	tri	1
tfRaSUnya	3	1	klI	1
tftIyAkfta	3	1	tri	0
tiktaka	3	1	puM	1
tinduka	3	1	puM	1
tizyaPalA	3	1	strI	1
totra	3	2	klI	0
toyapippalI	3	1	strI	1
trAyamARA	3	1	strI	1
trAyantI	3	1	strI	1
trapu	3	1	klI	1
trasta	3	1	tri	1
trayI	3	2	strI	1
triguRAkfta	3	1	tri	1
trihalya	3	1	tri	1
trisItya	3	1	tri	1
tucCa	3	1	tri	1
tulAkowi	3	1	puM	1
tumula	3	3	klI	1
turaNgavadana	3	1	puM	0
turuzka	3	1	puM	1
tutTAYjana	3	1	klI	1
uKA	3	1	strI	1
udanta	3	1	puM	1
udanyA	3	1	strI	1
udapAna	3	1	puMklI	1
ulapa	3	1	puM	1
ulbaRa	3	1	tri	1
ullAGa	3	1	tri	1
upADi	3	2	puM	1
upAsanA	3	1	strIklI	0
upAsita	3	1	tri	1
upAtyaya	3	2	puM	1
upAyana	3	1	klI	1
upacarita	3	1	tri	1
upadA	3	1	strI	1
upagUhana	3	1	klI	1
upagrAhya	3	1	klI	1
upagraha	3	2	puM	1
uparAma	3	1	puM	1
upasUryaka	3	2	klI	1
upasaNKyAna	3	1	klI	0
upasampanna	3	2	tri	0
utTAna	3	3	klI	1
utTita	3	3	tri	1
utkara	3	1	puM	1
utkarza	3	3	puM	1
utpAta	3	2	puM	1
utsAha	3	2	puM	1
uttAnaSayA	3	1	strI	0
uttamA	3	1	strI	1
uzita	3	1	tri	1
uzwra	3	1	puM	1
vAcAla	3	1	tri	1
vAcAwa	3	1	tri	1
vAcoyuktipawu	3	1	tri	1
vAgmin	3	1	puM	1
vAlmIki	3	1	puM	1
vAma	3	3	tri	1
vArAhI	3	2	strI	1
vArDUzika	3	1	puM	0
vArDaka	3	3	klI	0
vArDuzi	3	1	puM	0
vArastrI	3	1	strI	1
vArzika	3	1	klI	1
vAtaka	3	1	puM	1
vAtapoTa	3	1	puM	1
vAvadUka	3	1	tri	1
vEjayantI	3	1	strI	1
vEraSudDi	3	2	strI	1
vEtanika	3	1	puM	1
vIci	3	1	puMstrI	1
vIra	3	3	puM	1
vIravfkza	3	1	puM	1
vaNga	3	1	klI	1
vaSika	3	1	tri	1
vacanesTita	3	1	tri	1
vahniSiKa	3	1	klI	1
valkala	3	2	puMklI	1
vamaTu	3	2	puM	1
vanapriya	3	1	puM	1
vapana	3	1	tri	1
varArohA	3	1	strI	1
varRaka	3	1	klI	1
varivasita	3	1	tri	1
varivasyA	3	1	strI	1
varivasyita	3	1	tri	1
varti	3	1	strI	1
vatsaka	3	1	puM	1
veDamuKyaka	3	1	puM	1
velA	3	3	strI	1
vfScika	3	2	puM	1
vfdDyAjIva	3	1	puM	1
vfkzaruhA	3	1	strI	1
vfzala	3	1	puM	1
viDeya	3	1	tri	1
viSAlatvac	3	1	puM	1
viSezaka	3	1	puMklI	1
vicarcikA	3	1	strI	1
vicikitsA	3	1	strI	1
vikAra	3	2	puM	1
vikfti	3	1	strI	1
vikriyA	3	1	strI	1
vikurvARa	3	1	tri	1
vinIta	3	2	puM|tri	1
vinayagrAhin	3	1	tri	1
viparyaya	3	1	puM	1
vipruz	3	1	strI	1
virala	3	2	tri	1
virati	3	1	strI	1
viroDa	3	2	puM	1
visArin	3	1	tri	1
visfmara	3	1	tri	1
visftvara	3	1	tri	1
vitaTa	3	2	klI	1
viviDa	3	1	tri	1
viyadgaNgA	3	1	strI	1
vizRukrAntA	3	1	strI	1
vizamacCada	3	1	puM	1
vizvaYc	3	1	a	1
vizvaksenapriyA	3	1	strI	1
vizwara	3	3	puM	1
vratati	3	3	strI	1
vyADa	3	2	puM	1
vyAGranaKa	3	1	klI	1
vyAqAyuDa	3	1	klI	1
vyatyAsa	3	1	puM	1
vyatyaya	3	1	puM	1
waNka	3	3	puM|puMklI	1
yAcanA	3	1	strI	1
yAmuna	3	1	klI	1
yAtanA	3	2	strI	1
yAvana	3	1	puM	1
yUTikA	3	1	strI	1
yaSas	3	2	klI	1
yajYANga	3	1	puM	1
yamunA	3	1	strI	1
yatna	3	3		1
yavAnikA	3	1	strI	1
yazwimaDuka	3	1	klI	1
yogezwa	3	1	klI	1
yugapatraka	3	1	puM	0
yugma	3	3	klI	1
yuktarasA	3	1	strI	1
ADyAna	2	1	klI	1
AH	2	2	a	0
AQya	2	1	tri	1
ASaya	2	1	puM	1
ASvayuja	2	1	puM	1
ASvina	2	1	puM	1
AbanDa	2	1	puM	1
AcAma	2	1	puM	1
AcAra	2	2		1
AdInava	2	1	puM	1
AdarSa	2	1	puM	1
Adfta	2	2	tri	1
Agantu	2	1	tri	1
AgnAyI	2	1	strI	0
AgrahAyaRI	2	1	strI	1
AkAraRA	2	1	strI	1
AkIrRa	2	1	tri	1
AkroSa	2	1	puM	1
AkzArita	2	1	tri	1
AlI	2	2	strI	1
AlavAla	2	1	klI	1
Aloka	2	2	puM	1
Alu	2	1	strI	1
AmantraRa	2	2		1
AmrAtaka	2	1	puM	1
Amra	2	1	puM	1
Anaka	2	3	puM	1
Anandana	2	1	klI	1
Anata	2	1	tri	1
ApIqa	2	2	puM	1
ApUpika	2	2	klI|tri	1
Apakva	2	1	klI	1
AplAva	2	1	puM	1
Aplava	2	1	puM	1
Apluta	2	1	puM	1
ApracCanna	2	1	klI	0
Aqi	2	1	strI	1
ArAt	2	2	a	1
Artava	2	1	klI	1
AsAra	2	2	puM	1
AsTA	2	2	strI	1
Asakta	2	1	tri	1
AsanA	2	1	strI	1
Asava	2	1	puM	1
Aspada	2	2	klI	1
Asrava	2	1	puM	1
AsyA	2	1	strI	1
Atapa	2	1	puM	1
AtmIya	2	2		1
Atodya	2	1	klI	1
AvAla	2	1	klI	1
AvApa	2	1	puM	1
AveSika	2	1	tri	1
Avila	2	1	tri	1
Avir	2	1	a	1
Awi	2	1	strI	1
AyAma	2	1	puM	1
Ayati	2	2	strI	1
BAga	2	1	puM	1
BAvanA	2	1	strI	1
BUBft	2	2	puM	1
BUman	2	2		1
BUrja	2	1	puM	1
BUstfRa	2	2	klI	1
BUtAtman	2	2	puM	1
BUtaveSI	2	1	strI	0
BUzRu	2	1	tri	1
BaRqila	2	1	puM	1
Badrayava	2	1	klI	1
Bakzaka	2	1	tri	1
BakzyakAra	2	1	tri	1
BartfdAraka	2	1	puM	1
BavAntara	2	1		1
Bavitf	2	1	tri	1
BavizRu	2	1	tri	1
Bawa	2	1	puM	1
Bawitra	2	1	tri	1
BawwAraka	2	1	puM	1
Bedita	2	1	tri	1
BerI	2	3	strI	1
Bfgu	2	1	puM	1
Bid	2	1	strI	1
Binna	2	1	tri	1
BogavatI	2	2	strI	1
BrAjizRu	2	1	tri	1
BrAtfja	2	2	puM	1
BrAtfvya	2	2	puM	1
BrUkuMsa	2	1	puM	1
BrUkuwi	2	1	strI	0
BrakuMsa	2	1	puM	1
Brakuwi	2	1	strI	1
BrukuMsa	2	1	puM	1
Brukuwi	2	1	strI	1
BujaSiras	2	1	klI	1
CAtra	2	1	puM	0
Cidrita	2	1	tri	1
DAnya	2	1	klI	1
DIsaciva	2	1	puM	1
DUmala	2	1	puM	1
DUmra	2	1	puM	1
DUmyAwa	2	1	puM	1
Damana	2	1	puM	1
Damani	2	1	strI	1
Danin	2	1	puM	1
Danya	2	1	tri	1
DfzRaj	2	1	tri	1
Dfzwa	2	1	tri	1
Dik	2	2	a	1
Dikkfta	2	2	tri	1
ESvarya	2	1	klI	1
Garma	2	1	puM	1
Gasmara	2	1	tri	1
IhAmfga	2	1	puM	1
IkzaRikA	2	1	strI	0
IriRa	2	2	tri	1
Irma	2	1	klI	1
Iti	2	2	strI	1
IzadarTa	2	2		0
Jara	2	1	puM	1
KaRqavikAra	2	1	puM	0
KajAkA	2	1	strI	1
Kajaka	2	2	puM	1
Kala	2	2	tri	1
KaqgapiDAna	2	2		1
Kaqgin	2	1	puM	1
KarjU	2	1	strI	1
Keda	2	2		1
KelA	2	1	strI	1
Kewaka	2	2	klI	1
OSIra	2	2	klI|puM	1
Orva	2	1	puM	1
PARita	2	1	klI	1
PAlguna	2	1	puM	1
PAlgunika	2	1	puM	1
PalADyakza	2	1	puM	1
Palavat	2	1	tri	1
Palin	2	1	tri	1
Palina	2	1	tri	1
Pena	2	1	puM	1
SARa	2	1	puM	1
SAka	2	1	puMklI	1
SAnti	2	1	strI	1
SAra	2	2	puM|tri	1
SAraNga	2	1	puM	1
SArvara	2	2	klI|tri	0
SESava	2	1	klI	1
SEvAla	2	1	klI	1
SEvala	2	1	puM	1
SIrzaka	2	1	klI	1
SUlAkfta	2	1	tri	1
SUlya	2	1	tri	1
SaNKinI	2	1	strI	1
SaNkA	2	2		1
SaSANka	2	2		1
SaSAdana	2	1	puM	1
SacI	2	1	strI	1
Sakta	2	2		1
Sala	2	1	klI	1
SalalI	2	1	strI	1
Salala	2	1	klI	1
Salka	2	2	klI	1
Sama	2	1	puM	1
SamaTa	2	1	puM	1
SarAri	2	1	strI	1
SarAru	2	1	tri	1
SaraRa	2	2	klI	1
Saravya	2	2	klI	1
SatANga	2	1	puM	1
SayAlu	2	1	tri	1
Saya	2	1	puM	1
SayanIya	2	1	klI	1
Sayu	2	1	puM	1
Sazpa	2	2	klI	1
SfNKala	2	2	tri	1
SfNgAra	2	2	puM	1
SiMSapA	2	1	strI	1
SiPA	2	2	strI	1
SiSutva	2	1	klI	1
SilImuKa	2	2	puM	1
SirIza	2	1	puM	1
Sirastra	2	1	klI	1
SiroDi	2	1	strI	1
Sizya	2	1	puM	1
SlAGA	2	1	strI	1
SlezmaRa	2	1	tri	1
Slezmala	2	1	tri	1
Sloka	2	2	puM	1
SoPa	2	1	puM	1
SoRa	2	2	puM	1
SoRaratna	2	1	klI	1
SoTa	2	1	puM	1
Soka	2	1	puM	1
Soza	2	1	puM	1
SrAvaRa	2	2	puM	1
SrAvaRika	2	1	puM	1
SrIsaMjYa	2	1	klI	1
SradDA	2	2	strI	1
Sruta	2	2	klI	1
SuRqA	2	1	strI	1
Sukta	2	2	tri	1
SuzkamAMsa	2	1	klI	1
SvaSurya	2	2	puM	1
SvayaTu	2	1	puM	1
SvetasurasA	2	1	strI	1
Syena	2	1	puM	1
Uha	2	1	puM	1
Una	2	2		1
UrI	2	2	a	1
UrRA	2	2	strI	1
UrarI	2	2	a	1
UrjAtiSayAnvita	2	1	puM	0
Urjasvala	2	1	puM	1
Urjasvin	2	1	puM	1
Uruparvan	2	1	puMklI	1
Uta	2	1	tri	1
Uzara	2	2	tri	1
aBIzu	2	2	puM	1
aBiKyA	2	2	strI	1
aBiSasta	2	1	tri	1
aBijAta	2	2	tri	1
aBilAva	2	1	puM	1
aBimara	2	2		1
aBirUpa	2	2	tri	1
aBivyApti	2	2	strI	1
aBraka	2	1	klI	1
aBrapuzpa	2	1	puM	1
aByAgArika	2	1	puM	1
aByUza	2	1	puM	1
aByaYjana	2	1	klI	1
aByamitrIRa	2	1	puM	1
aByamitrIya	2	1	puM	1
aByamitrya	2	1	puM	1
aDivinnA	2	1	strI	1
aDyAhAra	2	1	puM	1
aDyUQA	2	1	strI	1
aMSa	2	1	puM	1
aMsa	2	1	puMklI	1
aMsala	2	1	puM	1
aNGrinAmaka	2	1	puM	1
aNgAravallarI	2	1	strI	1
aNgaRa	2	1	klI	1
aNkura	2	2	puM	1
aPala	2	1	tri	1
aRqa	2	1	klI	1
aRqakoSa	2	1	puM	1
aSanAyA	2	1	strI	1
aSvAdiraSmi	2	2		0
abDikaPa	2	1	puM	1
abadDamuKa	2	1	tri	1
acCa	2	2	puM	1
adDA	2	1	a	1
adarSana	2	2	klI	1
admara	2	1	tri	1
aga	2	2	puM	1
agastya	2	1	puM	1
agraja	2	1	puM	1
ahaNkAra	2	1	puM	0
ahaha	2	2	a	1
ahammati	2	1	strI	1
ahiBuja	2	2	puM	0
ajYAna	2	1	klI	1
ajagara	2	1	puM	1
ajanya	2	1	klI	1
ajihma	2	1	tri	1
ajina	2	1	klI	1
akArya	2	2		1
akzara	2	2	klI	1
alIka	2	2	klI	1
alaNkarizRu	2	2	tri	0
alika	2	1	klI	1
alinda	2	1	puM	1
alpasaras	2	1	klI	1
amA	2	2	a	1
amAMsa	2	1	puM	1
amAtya	2	2	puM	1
amala	2	1	klI	1
amarzaRa	2	1	tri	1
ambuja	2	1	puM	1
amlikA	2	1	strI	1
amutra	2	1	a	1
anAgatArtavA	2	1	strI	1
anAryatikta	2	1	puM	1
anUka	2	2	klI	1
anUpa	2	1	tri	1
anacCa	2	1	tri	1
anantara	2	2		1
anduka	2	1	puM	1
anfju	2	1	tri	1
animiza	2	2	puM	1
antarAya	2	1	puM	1
antarmanas	2	1	tri	1
anu	2	2	a	1
anuBAva	2	3	puM	1
anuSaya	2	2	puM	1
anujIvin	2	1	puM	1
anutarza	2	2	puM	1
anuyoga	2	1	puM	1
apAna	2	2	klI|puM	1
apUpa	2	1	puM	1
apacaya	2	2	puM	1
apadAntara	2	1	tri	1
aprAgrya	2	1	tri	1
apraDAna	2	1	klI	1
apraguRa	2	1	tri	1
arGa	2	2	puM	1
arSas	2	2	klI|tri	1
arSoGna	2	1	puM	1
arTOGa	2	2		1
arTaprayoga	2	1	puM	1
araRyavahni	2	2		0
aroka	2	1	tri	1
arus	2	1	klI	1
asTi	2	1	klI	1
astA	2	1	strI	1
asu	2	2	puMba	1
atasI	2	1	strI	1
atawa	2	1	puM	1
atiTi	2	1	puM	1
aticCatra	2	1	puM	0
atyAhita	2	2	klI	1
avAYc	2	2	a|tri	1
avAcI	2	2	strI	1
avAgra	2	1	tri	1
avAsas	2	1	tri	1
avaDAna	2	1	klI	1
avaSyam	2	1	a	1
avakASa	2	2		1
avakeSin	2	1	tri	1
avakraya	2	1	puM	1
avalagna	2	1	puMklI	1
avana	2	1	klI	1
avanata	2	1	tri	1
avataMsa	2	2	puM	1
avawu	2	1	puM	1
avazwabDa	2	2	tri	1
avidyA	2	1	strI	1
avyavahita	2	1	tri	1
awAwyA	2	1	strI	1
awwa	2	2	puM	1
ayaHpratimA	2	1	strI	1
azwIvat	2	1	puMklI	0
bAdara	2	1	tri	1
bAlya	2	1	klI	1
bAzpa	2	2	puM	1
bIBatsa	2	3	puM|tri	1
badarI	2	1	puMstrI	1
bahupAd	2	1	puM	1
balAtkAra	2	1	puM	1
banDUka	2	1	puM	1
banDujIvaka	2	1	puM	1
barha	2	2	klI	1
bisinI	2	1	strI	1
brahmaBUya	2	1	klI	1
brahmabanDu	2	2	puM	1
brahmasAyujya	2	1	klI	1
brahmasU	2	1	puM	1
brahmatva	2	1	klI	1
buBukzA	2	1	strI	1
buDna	2	1	puM	1
cARqAlikA	2	1	strI	1
cArcikya	2	1	klI	1
cAwu	2	1	puM	1
cEtra	2	1	puM	1
cEtrika	2	1	puM	1
cUqAlA	2	1	strI	1
cUrRa	2	2	klI	1
cUta	2	2	puM	1
caRqAlavallakI	2	1	strI	1
cakralA	2	1	strI	1
cakravAla	2	2	puM	1
cakzuzyA	2	1	strI	1
campaka	2	1	puM	1
cana	2	1	a	1
candrikA	2	2	strI	1
capewa	2	1	puM	1
cawakASiras	2	1	klI	1
cawu	2	1	puM	1
cazaka	2	2	puMklI	1
cet	2	1	a	1
cezwA	2	2		1
ciYcA	2	1	strI	1
cikitsA	2	2	strI	1
cikkaRa	2	1	tri	1
cintA	2	1	strI	1
citA	2	1	strI	1
citi	2	1	strI	1
cityA	2	1	strI	1
codya	2	1	klI	1
corapuzpI	2	1	strI	1
culla	2	1	tri	1
dASa	2	1	puM	1
dAnta	2	2	puM|tri	1
dAnti	2	1	strI	1
dArA	2	2		0
dAraka	2	2	klI	1
dArita	2	1	tri	1
dAyAda	2	2	puM	1
dErGya	2	1	klI	1
dEvajYA	2	1	strI	1
dUtI	2	2	strI	1
dUzyA	2	1	strI	1
daSA	2	2	puMstrI|strI	1
daSamIsTa	2	2	puM	1
daSamin	2	1	puM	1
dakziRArha	2	1	tri	1
dakziReya	2	1	tri	0
dakziRya	2	1	tri	1
damaTa	2	1	puM	1
darpaRa	2	1	puMklI	1
darvi	2	1	strI	1
davIyas	2	1	tri	1
davizWa	2	1	tri	1
deSa	2	1	puM	1
deSika	2	2	puM	1
devakusuma	2	1	klI	1
devara	2	2	puM	1
dfbDa	2	1	tri	1
dfzwAnta	2	2	puM	1
digDa	2	2	tri	1
digambara	2	1	tri	1
divya	2	2		1
dizwyA	2	1	a	0
druGaRa	2	1	puM	1
druRa	2	1	puM	1
drumotpala	2	1	puM	1
duHzamam	2	1	a	1
dugDa	2	1	klI	1
dunduBi	2	3	puM|strI	1
durbala	2	1	puM	1
durezaRA	2	1	strI	0
durjana	2	1	tri	1
durmanas	2	1	tri	1
durmuKa	2	1	tri	1
dvAra	2	1	klI	1
dvijihva	2	2	puM	1
dvipin	2	1	puM	0
eDita	2	1	tri	1
ekAkin	2	1	tri	1
ekaDurAvaha	2	1	puM	1
ekaDurIRa	2	1	puM	1
ekaDura	2	1	puM	1
ekaka	2	1	tri	1
fRa	2	1	klI	1
fju	2	1	tri	1
fkzaganDikA	2	1	strI	1
gADeya	2	1	puM	1
gaBIra	2	1	tri	1
gaRqUpada	2	1	puM	1
gaRqUza	2	2	puM|puMstrI	1
gaRqa	2	2	puM	1
gaRqaka	2	1	puM	1
galantikA	2	1	strI	1
gamBIra	2	1	tri	1
gamya	2	1	tri	1
ganDASman	2	1	puM	1
ganDika	2	1	puM	1
garala	2	1	klI	1
garva	2	1	puM	1
gavAkzI	2	1	strI	0
gavAkza	2	2	puM	1
gavISvara	2	1	puM	1
goDi	2	1	puM	1
goSIrza	2	1	klI	1
gocara	2	1	puM	1
gomat	2	1	puM	1
gomin	2	1	puM	1
gopati	2	1	puM	1
goqumbA	2	1	strI	1
gozWa	2	2	klI	1
gozpada	2	2	klI	1
grAha	2	2	puM	1
grIvA	2	1	strI	1
granTa	2	3	puM	1
granTi	2	1	puM	1
granTika	2	1	klI	1
granTita	2	1	tri	1
guRaviSeza	2	2		1
guYjA	2	1	strI	1
guda	2	1	klI	1
gundra	2	1	puM	1
guqa	2	2	puM	1
guqaPala	2	1	puM	1
hAla	2	2	puM	1
hAsa	2	1	puM	1
hAsya	2	2	klI|puM	1
haWa	2	1	puM	1
halyavat	2	1	klI	0
haricandana	2	2	puMklI	1
haridrABa	2	1	puM	1
harita	2	1	puM	1
haritaka	2	1	klI	1
hasa	2	1	puM	1
hastaDAraRa	2	1	klI	1
hemapuzpaka	2	1	puM	1
hfzIka	2	1	klI	1
hiRqIra	2	1	puM	1
hijjala	2	1	puM	1
hili	2	2	puM	0
hita	2	2		1
hrIRa	2	1	tri	1
hrIta	2	1	tri	1
hutaBukpriyA	2	1	strI	1
iBya	2	1	puM	1
iDma	2	1	klI	1
iNgita	2	2	klI	1
inDana	2	1	klI	1
indrARI	2	2	strI	1
indrayava	2	1	klI	1
indriyArTa	2	1	puM	1
iwcara	2	1	puM	1
iza	2	1	puM	1
izwi	2	2	strI	1
jAlI	2	1	strI	1
jAlika	2	2	puM	1
jAmbava	2	1	klI	1
jAmi	2	2	strI	1
jAnu	2	1	puMklI	1
jAyaka	2	1	klI	1
jIviteSa	2	2	puM	1
jalOkA	2	1	strIba	1
jalOkas	2	1	puM	1
jalanIlI	2	1	strI	1
jalaprAya	2	1	tri	1
jambU	2	1	strI	1
jambu	2	1	klI	1
jana	2	2		1
janaSruti	2	2	strI	1
janavAda	2	2		1
jaqula	2	1	puM	1
javanikA	2	1	strI	1
jawin	2	1	puM	1
jihvA	2	1	strI	1
jitvara	2	1	puM	1
jozam	2	2	a	1
jyezWa	2	2	puM|tri	1
jyotsnA	2	1	strI	1
jyotsnI	2	2	strI	1
kASa	2	1	puMklI	1
kAkaciYcA	2	1	strI	1
kAkamudgA	2	1	strI	1
kAlaka	2	1	puM	1
kAndavika	2	1	tri	1
kAntAra	2	3	klI|puMklI	1
kAraRA	2	1	strI	1
kAraRa	2	1	klI	1
kAravella	2	1	puM	1
kArikA	2	2	strI	1
kArpAsa	2	1	tri	1
kAsAra	2	1	puM	1
kEvarta	2	1	puM	1
kIkasa	2	1	klI	1
kIlita	2	1	tri	1
kOkkuwika	2	2	tri	1
kOmudI	2	1	strI	1
kOpIna	2	2	klI	1
kOwika	2	1	puM	1
kUrdana	2	1	klI	1
kUrma	2	1	puM	1
kaPin	2	1	tri	1
kaRqU	2	1	strI	1
kaRqUyA	2	1	strI	1
kaRqolavIRA	2	1	strI	1
kaSipu	2	2	puMklI	1
kaSmala	2	1	klI	1
kaWiYjara	2	1	puM	1
kaWillaka	2	1	puM	1
kaYcuka	2	2	puM	1
kacCapI	2	2	strI	1
kacCapa	2	2	puM	1
kakkolaka	2	1	klI	1
kakudmatI	2	1	strI	1
kalA	2	4	strI	1
kalaDOta	2	2	klI	1
kalarava	2	1	puM	1
kalatra	2	2	klI	1
kallola	2	2	puM	1
kam	2	2	a	1
kamaRqalu	2	2	puMklI	1
kamaWa	2	1	puM	1
kambala	2	2	puM	1
kambi	2	1	strI	1
kambu	2	4	puM|puMklI	1
kanDarA	2	1	strI	0
kanda	2	1	puM	1
kapota	2	1	puM	1
karAla	2	2	tri	1
karRIraTa	2	1	puM	1
karRapUra	2	2		1
karRikAra	2	1	puM	1
karkanDU	2	1	puMstrI	0
karkarI	2	1	strI	1
karparI	2	1	strI	1
kastUrI	2	1	strI	1
kawi	2	1	strI	1
kazAya	2	2	puMklI	1
kaza	2	1	puM	1
keSapASI	2	1	strI	1
keSika	2	1	puM	1
keSin	2	1	puM	1
keSinI	2	1	strI	1
kedAra	2	1	puM	1
kfkAwikA	2	1	strI	1
kfta	2	2	klI	1
kftahasta	2	1	puM	1
kftapuNKa	2	1	puM	1
kftasapatnikA	2	1	strI	1
kftyA	2	2	strI	1
kfzRalA	2	1	strI	1
kfzRalohita	2	1	puM	1
kfzwa	2	1	tri	1
kiMSAru	2	3	puM	1
kiYculaka	2	1	puM	1
kila	2	2	a	1
kirAtatikta	2	1	puM	1
kizku	2	2	puM	1
kleSa	2	1	puM	1
koSAtakI	2	2	strI	1
koSaPala	2	1	klI	1
kokanada	2	1	klI	1
kolI	2	1	puMstrI	0
kopin	2	1	tri	1
krandita	2	1	klI	1
kroDana	2	1	tri	1
kruzwa	2	1	klI	1
kuWeraka	2	1	puM	1
kuYja	2	2	puMklI	1
kukUla	2	2	klI|puM	1
kulAlI	2	1	strI	1
kulastrI	2	2	strI	1
kulatTikA	2	1	strI	1
kulya	2	1	klI	1
kumBasamBava	2	1	puM	1
kuqmala	2	2		1
kusIda	2	1	klI	1
kutapa	2	3	puM|puMklI	1
kuwumbavyApfta	2	1	puM	1
kzAnti	2	2	strI	1
kzAraka	2	2	puM	1
kzArita	2	1	tri	1
kzIravidArI	2	1	strI	1
kzIrikA	2	1	strI	1
kzOdra	2	2	klI	1
kzOma	2	2	puMklI	1
kzumA	2	1	strI	1
kzuraka	2	1	puM	1
kzuta	2	1	klI	1
kzveqA	2	2	strI	1
kzveqa	2	1	puM	1
lABa	2	1	puM	1
lANgUla	2	1	klI	1
lAlA	2	1	strI	1
lAlAwika	2	2	tri	1
lAlasA	2	3	puMstrI|strI	1
lUman	2	1	klI	1
lajjita	2	1	tri	0
lakuca	2	1	puM	1
lalAwa	2	1	klI	1
lavaNga	2	1	klI	0
lavaRAkara	2	1	puM	1
lavana	2	1	klI	1
likuca	2	1	puM	1
lohitaka	2	1	puM	1
loman	2	1	klI	1
mAMsala	2	1	puM	1
mAMsika	2	1	puM	1
mAkzika	2	1	klI	1
mAlA	2	1	strI	1
mAlatI	2	1	strI	1
mAlya	2	1	klI	1
mArjanA	2	1	strI	1
mArzwi	2	1	strI	1
mAsara	2	1	puM	1
mAtra	2	2	klI	1
mAtulAnI	2	2	strI	1
mAyA	2	2	strI	1
mEreya	2	1	klI	1
mUlaDana	2	1	klI	1
mUrCA	2	1	strI	1
mUrCita	2	2	tri	1
mUrcCAla	2	1	tri	0
mUrcCita	2	1	tri	0
maDura	2	4	puM|tri	1
madasTAna	2	1	klI	1
mahASvetA	2	1	strI	1
mahAnasa	2	1	klI	1
mahAraRya	2	2	klI	1
mahIlatA	2	1	strI	1
mahas	2	3	klI	1
mahatI	2	2	strI	1
majjan	2	1	puM	1
makuzWaka	2	1	puM	0
makzikA	2	1	strI	1
mantra	2	2	puM	1
mantrajA	2	1	strI	0
mantu	2	1	puM	1
mardana	2	2	klI	1
maru	2	3	puM	1
masfRa	2	1	tri	1
matsyaRqI	2	1	strI	1
mayuzWaka	2	1	puM	0
medas	2	1	klI	1
melaka	2	1	puM	1
mfdutvac	2	1	puM	1
mfgaSIrza	2	1	klI	1
mfgaSiras	2	1	klI	1
mfgamada	2	1	puM	1
mfganABi	2	1	puM	1
mfjA	2	1	strI	1
mfzA	2	1	a	1
miTas	2	2	a	1
miTuna	2	1	klI	1
miTyA	2	1	a	1
miTyAmati	2	1	strI	1
moha	2	1	puM	1
mrakzaRa	2	1	klI	1
muDA	2	1	a	1
muKara	2	1	tri	1
muRqita	2	2	puM|tri	1
mudgaparRI	2	1	strI	1
mudgara	2	1	puM	1
muktAvalI	2	1	strI	1
mukura	2	1	puM	1
musalI	2	2	strI	1
muzka	2	1	puM	1
nABi	2	2	puM	1
nAgavallI	2	1	strI	1
nAku	2	1	puM	1
nIDra	2	1	klI	1
nIcEs	2	2	a	1
nIlA	2	1	strI	1
nIvAka	2	2	puM	1
nO	2	1	strI	1
naDrI	2	1	strI	0
nadaviSeza	2	2		0
naga	2	2	puM	1
nagna	2	1	tri	1
naktam	2	1	a	1
nalinI	2	1	strI	1
naptrI	2	1	strI	1
naqa	2	1	puM	1
nari	2	1	puM	0
nartakI	2	2	strI	1
nemi	2	2	strI	1
niBfta	2	1	tri	1
niDi	2	2	puM	1
niHsaraRa	2	2	klI	1
niScita	2	2		1
nicula	2	1	puM	1
nidrAlu	2	1	tri	1
nigaqa	2	1	puMklI	1
nija	2	2	tri	1
nikAra	2	2	puM	1
nikaza	2	1	puM	1
nimna	2	1	tri	1
nipAWa	2	1	puM	1
nipAna	2	2	klI	1
nipaWa	2	1	puM	1
nir	2	2	a	1
nirJara	2	1	puM	1
nirantara	2	2	tri	1
nirarTaka	2	2	tri	1
nirvftta	2	1	tri	1
nisrAva	2	1	puM	1
nistala	2	1	tri	1
nizWAna	2	2	klI	1
nizeDa	2	2		1
nizpAva	2	1	puM	1
nizpanna	2	1	tri	1
nizpraBa	2	1	tri	1
nizzamam	2	1	a	0
nu	2	2	a	1
nyakza	2	2	tri	1
ojas	2	2	klI	1
okas	2	4	klI|puM	1
pARqu	2	2	puM	1
pARqura	2	1	puM	1
pASaka	2	1	puM	1
pAWa	2	2	puM	1
pAWin	2	1	puM	1
pAdU	2	1	strI	1
pAdukA	2	1	strI	1
pAkasTAna	2	1	klI	1
pAlASa	2	1	puM	1
pAlaGna	2	1	puM	1
pAna	2	1	klI	1
pArAvata	2	1	puM	1
pAraSava	2	2	puM	1
pArikANkzin	2	1	puM	1
pAyu	2	1	puM	1
pIyUza	2	2	klI	1
pOli	2	1	puM	1
pOtrI	2	1	strI	1
pOza	2	2	puM	1
pUjita	2	2	tri	1
pUjya	2	2	puM|tri	1
pUpa	2	1	puM	1
pUrvaja	2	1	puM	1
paRitavya	2	1	tri	1
paRya	2	1	tri	1
paScAttApa	2	1	puM	1
paScimA	2	1	strI	0
paSu	2	3	puM	1
paYcaSAKa	2	1	puM	1
padmarAga	2	1	puM	1
padminImuKA	2	1	strI	0
pakva	2	2	tri	1
pakzati	2	4	strI	1
pala	2	3	klI	1
palvala	2	1	puMklI	1
parAhan	2	2		1
parRAsa	2	1	puM	0
paramparAka	2	1	klI	0
parasparaparAhata	2	1	klI	0
paribarha	2	2	puM	1
paricAyya	2	1	puM	1
parikara	2	3	puM	1
paripaRa	2	2	puM	1
paritrARa	2	1	klI	1
parivyADa	2	2	puM	1
parjanya	2	2	puM	1
parkawi	2	1	puM	0
parus	2	1	klI	1
paruza	2	2	klI	1
paryAhAra	2	2		1
paryawana	2	1	klI	1
paryudaYcana	2	1	klI	1
patiMvarA	2	1	strI	1
pava	2	1	puM	1
pawaha	2	3	puM|puMklI	1
pawalaprAnta	2	1	puM	1
pawolikA	2	1	strI	1
payoDara	2	2	puM	1
peSI	2	1	strI	1
pelava	2	1	tri	1
pfTagAtmatA	2	2	strI	1
piRyAka	2	2	puMklI	1
pilla	2	1	tri	1
piplu	2	1	puM	1
pippalImUla	2	1	klI	1
pitf	2	1	puM	1
pizwaka	2	1	puM	1
plavaNgama	2	2	puM	0
potra	2	2	klI	1
prAYc	2	3	a	1
prAcI	2	3	strI	1
prAdur	2	1	a	1
prAdus	2	2	a	0
prAjana	2	1	klI	1
prAkAra	2	1	puM	1
prAptarUpa	2	2	tri	1
prApti	2	3	strI	1
prApya	2	1	tri	1
prAtar	2	1	a	1
prAya	2	3	puM	1
prEza	2	2	puM	1
prIRana	2	1	klI	1
prOQa	2	1	tri	1
praBava	2	2	puM	1
praBinna	2	1	puM	1
praGARa	2	1	puM	1
praGaRa	2	1	puM	1
praRiDAna	2	1	klI	1
praSasta	2	2		1
praSrita	2	1	tri	1
pracCardikA	2	1	strI	1
pragAQa	2	2	klI	1
prage	2	1	a	1
pragrAha	2	2	puM	1
praguRa	2	1	tri	1
prahasta	2	1	puM	1
prajA	2	2	strI	1
prajYAna	2	2	klI	1
prakaraRa	2	2		1
pramIlA	2	2	strI	1
pramaTa	2	2	puM	1
prapAta	2	1	puM	1
prapaYca	2	2	puM	1
praqIna	2	1	klI	1
prasAda	2	2	puM	1
prasaBa	2	1	klI	1
prasanna	2	2	tri	1
prasidDa	2	2	tri	1
prasita	2	1	tri	1
prasiti	2	1	strI	1
pratIkAra	2	1	puM	1
pratisIrA	2	1	strI	1
pratisara	2	2	puM|puMklI	1
pratiyatna	2	2	puM	1
pratolI	2	1	strI	1
pratyUha	2	1	puM	1
pratyaYc	2	2	a	1
pravAha	2	2	puM	1
pravahaRa	2	1	klI	1
prayata	2	1	puM	1
prayojana	2	2		1
pretya	2	1	a	1
prokzaRa	2	1	klI	1
prokzita	2	1	tri	1
puRqra	2	2	puM	1
puRyavat	2	1	tri	1
pulomajA	2	1	strI	1
puratas	2	1	a	1
puzparasa	2	2	puM	1
puzpasamaya	2	1	puM	1
qahu	2	1	puM	1
qamara	2	1	puM	1
qayana	2	1	klI	1
rADa	2	1	puM	1
rUkza	2	2	tri	1
raTANga	2	2	klI	1
raTakawyA	2	1	strI	1
raTavraja	2	1	puM	1
raTika	2	1	puM	1
raTira	2	1	puM	1
rajani	2	1		1
raktaka	2	1	puM	1
raktapA	2	1	strI	1
raktasaroruha	2	1	klI	1
raktotpala	2	1	klI	1
rasAYjana	2	1	klI	1
rasagarBa	2	1	klI	1
rasajYA	2	1	strI	0
rasanA	2	1	strI	1
rasavatI	2	1	strI	1
rizwa	2	2	klI	1
rocizRu	2	1	tri	1
rohita	2	4	klI|puM	1
roman	2	2	klI	1
rumA	2	1	strI	1
sADIyas	2	2	tri	1
sAci	2	1	a	1
sAdfSya	2	2		1
sAhasa	2	1	klI	1
sAkzAt	2	2	a	1
sAmarTya	2	2		1
sAmi	2	2	a	1
sAndra	2	1	tri	1
sAti	2	3	strI	1
sAyaka	2	2	puM	1
sEkata	2	2	klI|tri	1
sEnika	2	2	puM	1
sIDu	2	1	puM	1
sItya	2	1	tri	1
sIvana	2	1	klI	1
sOhitya	2	1	klI	1
sPuwana	2	1	klI	1
sTAne	2	1	a	1
sTAsaka	2	1	puM	1
sTAsnu	2	1	tri	1
sTUloccaya	2	2	puM	1
sTeyas	2	1	tri	1
sTiratara	2	1	tri	1
sUraRa	2	1	puM	1
sUrmI	2	1	strI	1
saBAjana	2	1	klI	1
saKi	2	1	puM	1
saMhata	2	2	tri	1
saMsTAna	2	2	klI	1
saMsakta	2	1	tri	1
saMskfta	2	2	tri	1
saMstara	2	2	puM	1
saMstyAya	2	2	puM	1
saMyata	2	1	tri	1
saNKyA	2	1	strI	0
saNgama	2	1	puM	0
saNgati	2	2		0
saRqIna	2	1	klI	0
saciva	2	2	puM	1
sadyas	2	1	a	1
sahasya	2	1	puM	1
sakft	2	2	a	1
saktuPalA	2	1	strI	1
samADAna	2	1	klI	1
samAhAra	2	2	puM	1
samAsAdya	2	1	tri	1
samBAvya	2	2		1
samBrama	2	2	puM	1
samUhya	2	1	puM	1
samajYA	2	1	strI	1
samarTana	2	2	klI	1
samfdDi	2	2	strI	1
samparAya	2	2	puM	1
samudgiraRa	2	2	klI	0
samundana	2	1	klI	1
samunnadDa	2	2	tri	1
samupajozam	2	1	a	1
sanDA	2	2	strI	0
sandita	2	1	tri	0
sannahana	2	2		0
sannaya	2	2	puM	0
sanniveSa	2	2		0
sara	2	1	puM	1
saraGA	2	2	strI	1
sarasI	2	1	strI	1
sarvABisAra	2	1	puM	1
sarvOGa	2	1	puM	1
sarvasannahana	2	1	klI	0
sarzapa	2	1	puM	1
satyAkfti	2	1	strI	1
satyApana	2	1	klI	1
satyaNkAra	2	1	puM	0
savana	2	1	klI	1
savayas	2	1	puM	1
sevA	2	2	strI	1
sevaka	2	1	puM	1
sevana	2	1	klI	1
sfRikA	2	1	strI	1
siDyA	2	1	puM	0
sidDa	2	2	puM|tri	1
sikatA	2	2	strI|strIba	1
sirA	2	1	strI	1
snAna	2	1	klI	1
snAtaka	2	1	puM	1
snu	2	1	puM	1
snuzA	2	2	strI	1
somapa	2	2	puM	1
sparSa	2	2	puM	1
sprazwf	2	1	puM	1
sraMsin	2	1	puM	1
sraj	2	1	strI	1
stabaka	2	2	puM	1
stamBa	2	2	puM	1
stambakari	2	1	puM	1
stema	2	1	puM	1
stokaka	2	1	puM	1
strIpuMsO	2	1	puMdvi	0
sudUra	2	1	tri	1
suhfd	2	2	puM	1
sukftin	2	1	tri	1
suprayogaviSiKa	2	1	puM	1
sutAtmajA	2	1	strI	1
sutyA	2	1	strI	1
svAdu	2	3	tri	1
svAdurasA	2	1	strI	1
svEra	2	2	tri	1
svapnaj	2	1	tri	1
svasf	2	2	strI	1
svayaMvarA	2	1	strI	0
sveda	2	1	puM	1
svit	2	2	a	0
syUti	2	1	strI	1
syandinI	2	1	strI	1
tAmbUlI	2	1	strI	1
tAmbUlavallI	2	1	strI	1
tApasa	2	1	puM	1
tApicCa	2	1	puM	1
tArkzyaSEla	2	1	klI	1
tAta	2	1	puM	1
tEla	2	1	klI	1
tElaparRika	2	1	klI	1
tEza	2	1	puM	1
tIvravedanA	2	1	strI	1
tUli	2	2	strI	1
tUvara	2	2	puM	0
tUzRIkAm	2	1	a	1
tad	2	1	a	1
takzaka	2	2	puM	1
talina	2	2	tri	1
tamAla	2	1	puM	1
tanUkfta	2	1	tri	1
tandrA	2	2	strI	1
tantuBa	2	1	puM	1
tapasvin	2	1	puM	1
tapasya	2	1	puM	1
tari	2	1	strI	1
taruRa	2	1	puM	1
tata	2	2	klI|tri	1
tataH	2	1	a	0
tatkzaRa	2	1		1
tatpara	2	1	tri	1
tattva	2	2	klI	1
tazwa	2	1	tri	1
tejanaka	2	1	puM	1
tema	2	1	puM	1
tfRa	2	3	klI	1
tfpti	2	1	strI	1
tfzRA	2	2	strI	1
tigma	2	1	klI	1
tintiqI	2	1	strI	1
tintiqIka	2	1	klI	1
tiraskariRI	2	1	strI	1
tiryaYc	2	2	tri	1
tizyA	2	1	strI	1
tizya	2	2	puM	1
todana	2	1	klI	1
tretA	2	3	strI	1
trikawu	2	1	klI	1
tryUzaRa	2	1	klI	1
tulAsUtra	2	2		1
tundiBa	2	1	tri	1
tutTa	2	1	klI	1
tvazwa	2	1	tri	1
uBayAhan	2	1		0
uBayadyus	2	1	a	1
uBayedyus	2	1	a	1
ucCrAya	2	1	puM	1
ucCraya	2	1	puM	1
uccawA	2	1	strI	1
udBid	2	1	tri	1
udBida	2	1	tri	1
udBijja	2	1	tri	1
udDAra	2	1	puM	1
udaya	2	2	puM	1
udvAnta	2	2	puM|tri	1
ujjvala	2	1	puM	1
unmAda	2	2	puM|tri	1
unnaya	2	2	puM	1
upADyAyI	2	2	strI	1
upAdAna	2	2	klI	1
upAhita	2	2	puM|tri	1
upAnah	2	1	strI	1
upAya	2	2		1
upacAyya	2	1	puM	1
upahvara	2	2	klI	1
upamA	2	2	strI	1
upanizad	2	2	strI	1
uparakta	2	2	puM|tri	1
upari	2	2		1
upasarga	2	1	puM	1
upasarjana	2	1	klI	1
upataptf	2	1	puM	1
upavartana	2	1	klI	1
uqqIna	2	1	klI	1
uqupa	2	1	klI	1
uraHsUtrikA	2	1	strI	1
urarI	2	2	a	1
uras	2	1	klI	1
utkalikA	2	2	strI	1
uttaMsa	2	2	puM	1
uttapta	2	1	klI	1
uzRIza	2	2	puM	1
vARinI	2	2	strI	1
vAditra	2	1	klI	1
vAdya	2	1	klI	1
vAhasa	2	1	puM	1
vAmI	2	1	strI	1
vAmalUra	2	1	puM	1
vAnIra	2	1	puM	1
vAripravAha	2	1	puM	1
vAruRI	2	2	strI	1
vAsanA	2	1	strI	1
vAsitA	2	2	strI	1
vAtUla	2	2	puM|tri	1
vAyasolI	2	1	strI	1
vEra	2	1	klI	1
vEraniryAtana	2	1	klI	1
vEtaMsika	2	1	puM	1
vIRA	2	1	strI	1
vIRABeda	2	2		0
vIkASa	2	2	puM	1
vIvaDa	2	2	puM	1
vaRikpaTa	2	2		1
vaRwaka	2	1	puM	1
vaSa	2	2	puM	1
vadAvada	2	1	tri	1
vada	2	1	tri	1
vahnisaMjYaka	2	1	puM	1
vaktavya	2	2	tri	1
vaktf	2	1	puM	1
vakzas	2	1	klI	1
valIka	2	1	puMklI	1
valaja	2	2	klI	0
valka	2	1	puMklI	1
vallI	2	2	strI	1
vallUra	2	1	tri	1
vallakI	2	1	strI	1
valmIka	2	1	puMklI	1
vami	2	1	strI	1
vanDya	2	1	tri	1
vanahutASana	2	1	puM	1
vanamudga	2	1	puM	1
vandI	2	1	strI	1
vaqavA	2	1	strI	0
vaqavAnala	2	1	puM	0
varANga	2	2	klI	1
varDana	2	2	klI|tri	1
varDrI	2	1	strI	1
varIyas	2	2	tri	1
varcas	2	2	klI	1
vartula	2	1	tri	1
varvaRA	2	1	strI	1
varyA	2	1	strI	1
varzIyas	2	1	puM	1
vasA	2	1	strI	1
vasanta	2	1	puM	1
vasatI	2	2	strI	1
vasna	2	1	puM	1
vastu	2	2		1
vawa	2	2	puM	1
vayas	2	2	klI	1
vayasTa	2	1	puM	0
vayasyA	2	1	strI	1
vayasya	2	1	puM	1
veDita	2	1	tri	1
veSanta	2	1	puM	1
vega	2	2	puM	1
vetasa	2	1	puM	1
vfdDanABi	2	1	tri	1
vfdDi	2	3	strI	1
vfdDijIvikA	2	1	strI	1
vfkzAmla	2	1	klI	1
vfta	2	1	tri	1
vfzAkapAyI	2	2	strI	1
vfzAkapi	2	2	puM	1
vfzaRa	2	1	puM	1
viBUti	2	1	strI	1
viBrAj	2	1	tri	1
viGna	2	1	puM	1
viSArada	2	2	tri	1
viSiKA	2	1	strI	1
viSvAmitra	2	1	puM	1
viSvAsa	2	2	puM	1
viSvakarman	2	2	puM	1
viSvaketu	2	1	puM	1
vicAraRA	2	1	strI	1
vicArita	2	1	tri	1
vidDa	2	1	tri	1
vidara	2	1	puM	1
vidruta	2	1	tri	1
vidura	2	1	tri	1
vidveza	2	1	puM	1
vigata	2	1	tri	1
vikrAnta	2	1	puM	1
vikrama	2	2	puM	1
vikreya	2	1	tri	1
vilIna	2	1	tri	1
vimanas	2	1	tri	1
vimarSa	2	1	puM	1
vindu	2	1	tri	1
vipaRi	2	2	puMstrI|strI	1
vipaYcI	2	1	strI	1
vipatti	2	1	strI	1
viplava	2	1	puM	1
vipraSnikA	2	1	strI	1
vipralamBa	2	2	puM	1
vipratIsAra	2	1	puM	1
viroDokti	2	2	strI	1
visfta	2	1	tri	1
visramBa	2	3	puM	0
vistfta	2	1	tri	1
vitarka	2	2		1
vitasti	2	2	puMstrI	1
vivaDa	2	2	puM	1
viwapa	2	2	puMklI	1
viyAta	2	1	tri	1
vizARa	2	2	tri	1
vizAda	2	2		1
vizayI	2	1	klI	1
vraRa	2	1	puMklI	1
vyAkula	2	2	tri	1
vyAqa	2	2	puM	1
vyAvftta	2	1	tri	1
vyUQa	2	2	tri	1
vyagra	2	2	tri	1
vyarTa	2	1		1
vyasta	2	1	tri	1
vyavahAra	2	2	puM	1
vyoza	2	1	klI	1
vyutTAna	2	2	klI	1
vyuzwi	2	2	strI	1
yAtayAma	2	2	tri	1
yad	2	1	a	1
yadi	2	1	a	1
yajamAna	2	1	puM	1
yakzman	2	1	puM	1
yataH	2	1	a	0
yavAgraja	2	1	puM	1
yavakzAra	2	1	puM	1
yazwf	2	1	puM	1
yoDa	2	1	puM	1
yodDf	2	1	puM	1
yoktra	2	1	klI	1
yoni	2	2	puMstrI	1
yotra	2	1	klI	1
yugaBeda	2	2		0
yugala	2	1	klI	1
yuvan	2	1	puM	1
yuvarAja	2	1	puM	1
ABAzaRa	1	1	klI	1
ABIrI	1	1	strI	1
ABIrapallI	1	1	strI	1
ABicAra	1	1	puM	0
ABoga	1	1	puM	1
ADAra	1	2	puM	1
ANgika	1	1	tri	1
ASaMsitf	1	1	tri	1
ASaMsu	1	1	tri	1
ASiz	1	1		0
ASvIya	1	1	klI	1
ASva	1	1	klI	1
AcArya	1	1	puM	1
AcCa	1	1	tri	0
Acamana	1	1	klI	1
AdAna	1	1		1
AdikAraRa	1	1	klI	1
AdyUna	1	1	tri	1
AgAmika	1	1		1
Agama	1	1		1
AhAva	1	1	puM	1
Ahata	1	2	klI|tri	1
AhatalakzaRa	1	1	tri	1
AjAneya	1	1	puM	1
AjU	1	1	strI	0
AkAragupti	1	1	strI	1
Akara	1	1	puM	1
Akfti	1	1		1
AkrIqa	1	1	puM	1
AkroSana	1	1	klI	1
AlAna	1	1	klI	1
AlApa	1	1	puM	1
AlIQa	1	1	klI	1
AleKya	1	1		1
Am	1	1	a	1
AmaganDi	1	1	klI	1
Amarza	1	1		1
AmizASin	1	1	tri	1
AnAya	1	2	puM	1
AnakadunduBi	1	1	puM	1
AnukUlya	1	1		1
AnvIkzikI	1	1	strI	1
ApAna	1	1	klI	1
ApIna	1	1	klI	1
ApaRa	1	1	puM	1
Apanna	1	1	tri	1
ApatprApta	1	1	tri	0
Apta	1	1	puM	1
ApyAyana	1	1		1
Apya	1	1	tri	1
ArA	1	1	strI	1
ArAma	1	1	puM	1
ArakUwa	1	1	puMklI	1
Ardraka	1	1	klI	1
Arhaka	1	1	puM	0
Arogya	1	1	klI	1
Aroha	1	1	puM	1
ArohaRa	1	1	klI	1
AryAvarta	1	1	puM	1
ArzaBya	1	1	puM	1
AsPowanI	1	1	strI	1
AsyopalabDisTAna	1	1		0
AtAyin	1	1	puM	1
Atapatra	1	1	klI	1
Atara	1	1	puM	1
AtmamBari	1	1	tri	1
AtmanA	1	1		1
Atmavat	1	1		1
Attagarva	1	1	tri	1
AvAsa	1	1		1
Avarta	1	2	puM	1
Avasita	1	1	tri	1
AveSana	1	1	klI	1
Avuka	1	1	puM	1
Avutta	1	1	puM	1
Ayata	1	1	tri	1
Ayatana	1	1	klI	1
AyatatfzRA	1	1		0
Ayus	1	1	klI	1
Ayuzmat	1	1	tri	1
AzAQa	1	2	puM	1
BANgIna	1	1	tri	1
BAgineya	1	1	puM	1
BAminI	1	1	strI	1
BAravAha	1	1	puM	1
BArayazwi	1	1	strI	1
BArika	1	1	puM	1
BAsa	1	1		1
BOrika	1	1	puM	1
BUBfnnitamba	1	1		0
BUdyAvO	1	1		0
BUmiDara	1	1		1
BUmijambukA	1	2	strI	1
BUruRqI	1	1	strI	1
BUtakeSa	1	1	puM	1
BaBeda	1	1		0
BaNgA	1	1	strI	1
BaNgya	1	1	klI	1
BadrAsana	1	1	klI	1
BadrakumBa	1	1	puM	1
Badramustaka	1	1	puM	1
BaginI	1	1	strI	1
BaginIpati	1	1	puM	1
BaktasikTaka	1	1	klI	1
BaraRyaBuj	1	1	tri	1
BaradvAja	1	1	puM	1
BartfdArikA	1	1	strI	1
Bartsana	1	1	klI	1
BasmagarBA	1	1	strI	1
BastrA	1	1	strI	1
Bayadruta	1	1	tri	1
Bedaka	1	1		1
BekI	1	1	strI	1
BfNgAra	1	1	puM	1
BfNgarAja	1	1	puM	1
Bfzwayava	1	1	puM	1
BindipAla	1	1	puM	1
BissawA	1	1	strI	1
Bitti	1	1	strI	1
BittiSfNga	1	1		0
BrAtarO	1	1	puMdvi	0
BrAtfBaginyO	1	1	puMdvi	0
BrAtfjAyA	1	1	strI	1
BrAtrIya	1	1	puM	1
BrAzwra	1	1	puM	1
BraMSa	1	1		1
Brami	1	1	strI	1
BujAntara	1	1	klI	1
BuktasamujJita	1	1	klI	1
CAdita	1	1	tri	1
CAgI	1	1	strI	1
CAndasa	1	1	puM	1
Cadir	1	1		0
Cadis	1	1	strI	1
Cala	1	1	klI	1
CandoBeda	1	1		0
CandoviSeza	1	1		0
Catra	1	1	klI	0
Cedana	1	1	klI	1
Ceka	1	1	puM	1
DAnA	1	1	strI	1
DAnyAMSa	1	1		1
DAnyatvac	1	1	strI	1
DArAsampAta	1	1	puM	1
DAraRa	1	1		1
DAtuyogaja	1	1		0
DAyyA	1	1	strI	1
DErya	1	1		1
DISakti	1	1	strI	1
DImatI	1	1	strI	0
DOtakOSeya	1	1	klI	1
DUsara	1	1	puM	1
DanAdiBedya	1	1		0
DanizWA	1	1	strI	1
DanurmaDya	1	1	klI	1
Danuzkowi	1	1		1
DarADara	1	1		1
DarmaDvajin	1	1	puM	0
DarmacintA	1	1	strI	1
DarmasaMhitA	1	1	strI	1
DavalA	1	1	strI	0
Denu	1	1	strI	1
Dur	1	1	strI	1
Dvanita	1	1	tri	1
DyAna	1	1		1
Endriyaka	1	1	tri	1
Etihya	1	1	klI	1
GARwika	1	1	puM	1
GAsa	1	1	puM	1
GAtukamatteBa	1	1		0
GUrRita	1	1	tri	0
GaRwApaTa	1	2	puM	1
GaRwAravA	1	1	strI	1
GarmacezwA	1	1		0
GawIyantra	1	1	klI	1
GawanA	1	1	strI	1
GozaRA	1	1	strI	1
Gozaka	1	1	puM	1
GrAta	1	1	tri	1
GuwikA	1	1	strI	1
IlI	1	1	strI	1
IrvAru	1	1	puMstrI	1
IrzyA	1	1	strI	1
IzA	1	1	strI	1
IzatpARqu	1	1	puM	1
JAvuka	1	1	puM	1
KAta	1	1	klI	1
KaYja	1	1	puM	1
KaYjana	1	1	puM	1
KaYjarIwa	1	1	puM	1
KalIna	1	1	puMklI	1
KalapU	1	1	tri	1
Kalati	1	1		1
KaledAru	1	1	klI	0
KalinI	1	1	strI	1
KalyA	1	1	strI	1
Kani	1	1	strI	1
Kanitra	1	1	klI	1
KaqgaPala	1	1		1
Kaqgakoza	1	1		0
KaraRas	1	1	puM	1
KaraRasa	1	1	puM	1
Keya	1	1	klI	1
Kila	1	1	tri	1
Koqa	1	1	puM	1
KuraRas	1	1	puM	1
KuraRasa	1	1	puM	1
KyAtagarhaRa	1	1	tri	1
KyAti	1	1	strI	1
Odarika	1	1	tri	1
OlUkya	1	1	puM	1
OmIna	1	1	klI	1
Opavasta	1	1	klI	1
Orasa	1	1	puM	1
OrvAnala	1	1		1
Otsukya	1	1		1
OttAnapAdi	1	1	puM	1
PARwa	1	1	tri	1
PaRA	1	1	puMstrI	1
PalakapARi	1	1	puM	1
Palatrika	1	1	klI	1
Palegrahi	1	1	tri	1
PelA	1	1	strI	1
QakkA	1	1	strI	1
SAKA	1	1	strI	1
SAKAnagara	1	2	klI	1
SANKika	1	1	puM	1
SAdaharita	1	1	tri	1
SAdvala	1	1	tri	1
SAkaSAkawa	1	1	tri	1
SAkaSAkina	1	1	tri	1
SAktIka	1	1	puM	1
SAkunika	1	1	puM	1
SAlIna	1	1	tri	1
SAli	1	2	puM	1
SAlmalIvezwa	1	1	puM	1
SAmbarI	1	1	strI	1
SAnta	1	1	tri	1
SAriPala	1	1	puMklI	1
SAriPalaka	1	1		1
SArkara	1	1	tri	1
SAstravid	1	1	tri	1
SEkza	1	1	puM	1
SElaSfNga	1	1		1
SIrzaCedya	1	1	tri	0
SORqika	1	1	puM	1
SOlbika	1	1	puM	1
SOzkala	1	1	tri	1
SUdrAvipratanaya	1	1		0
SUka	1	2	puMklI	1
SUkakIwa	1	1	puM	1
SUnyavAdin	1	1	puM	1
SUrpa	1	1	puMklI	1
SaNKanaKa	1	1	puM	1
SaNkaraDanvan	1	1		0
SaNkukIrRaSvaBra	1	1		0
SaPa	1	1	klI	1
SaRapuzpikA	1	1	strI	1
SaSaloman	1	1	klI	1
SaSorRa	1	1	klI	1
SabalI	1	1	strI	1
SabarAlaya	1	1	puM	1
SabdAdi	1	1		1
Sabdana	1	1	tri	1
Sabdayoni	1	1		1
Sakawa	1	1	puMklI	1
Sakftkari	1	1	puM	1
Sakla	1	1	tri	1
SakraDanus	1	1	klI	1
Saktihetika	1	1	puM	1
SaktisTa	1	1		0
SalaBa	1	1	puM	1
SamBalI	1	1	strI	1
SambUka	1	1	puM	1
Samita	1	1	tri	1
SamyA	1	1	strI	1
SanEScara	1	1	puM	1
SanEs	1	1	a	1
Sapana	1	1	klI	1
SarAByAsa	1	1	puM	1
SarAva	1	1	puMklI	1
SarkarAvat	1	1	tri	1
Sarkarila	1	1	tri	1
SastrABedyavarman	1	1		0
SastramArja	1	1	puM	1
Satadru	1	1	strI	1
SatapadI	1	1	strI	1
Satapatraka	1	1	puM	0
Sava	1	1	puMklI	1
SayanAsana	1	1		1
Sayita	1	1	tri	1
SazkulI	1	1	strI	1
Scyota	1	1	puM	0
SevaDi	1	1	puM	1
Seza	1	1	puM	1
SfNgArAdi	1	1		0
SfNgAwaka	1	1	klI	1
SfNgabera	1	1	klI	0
SiKaRqa	1	1	puM	1
SiKaRqaka	1	1	puM	1
SiPAkanda	1	1	puMklI	1
SiSuka	1	1	puM	1
SiSvidAna	1	1	tri	1
SibikA	1	1	strI	1
Sibira	1	1	klI	1
Sigruja	1	1	klI	1
Sikya	1	2	klI	1
Sikyita	1	1	tri	1
SikzA	1	2	strI	1
SilI	1	1	strI	1
Silpa	1	2	klI	1
SilpiSAlA	1	1	strI	1
Silpin	1	1	puM	1
SimbA	1	1	strI	1
Sirasya	1	1	puM	1
Sirogfha	1	1	klI	1
Siroratna	1	1	klI	1
SirosTi	1	1	klI	1
Sirovezwan	1	1		0
SitaSUka	1	1	puM	0
Sivaka	1	1	puM	1
SlIpada	1	1	klI	1
Sleza	1	1	puM	1
SlezmAdi	1	1		0
Slezman	1	1	puM	1
SmaSAna	1	1	klI	1
SmaSru	1	2	klI	1
SoDanI	1	1	strI	1
SoTaGnI	1	1	strI	1
SrAya	1	1	puM	1
SrIhastinI	1	1	strI	1
SradDAlu	1	2	strI|tri	1
SravizWA	1	1	strI	1
SrayaRa	1	1	klI	1
SroRa	1	1	puM	1
SroRiPalaka	1	1	klI	1
Srotriya	1	1	puM	1
SuBASuBakarman	1	1		0
SuBAnvita	1	1	tri	1
SuBaMyu	1	1	tri	1
SuRqAgraBAga	1	1		0
SudDa	1	1		1
SuklAdi	1	1		0
Sukrala	1	1		1
Sulka	1	2	puMklI	1
SunI	1	1	strI	1
Sutudri	1	1	strI	0
SvApada	1	1		1
SvAviD	1	1	puM	1
SvaSrUSvaSurO	1	1	puMdvi	0
SvaSurO	1	1	puMdvi	0
SvaSura	1	2	puM	1
Svan	1	1		1
Svas	1	1	a	1
Svavftti	1	1	strI	1
SvetacCada	1	1		1
Svetamarica	1	1	klI	1
Svetarakta	1	1	puM	1
Svitra	1	1	klI	1
SyAla	1	2	puM	1
SyAva	1	1	puM	1
UDas	1	1	klI	1
Um	1	1	a	1
UrDvajAnu	1	1	puM	1
UrDvajYu	1	1	puM	1
UrmikA	1	1	strI	1
Uru	1	1	puM	1
Uza	1	1	puM	1
Uzavat	1	1	tri	1
Uzman	1	1		1
aBAzaRa	1	1	klI	1
aBIzaNga	1	1	puM	1
aBaDeya	1	1		0
aBiBUta	1	1	tri	1
aBiSApa	1	1	puM	1
aBigraha	1	1	puM	1
aBigrahaRa	1	1	klI	1
aBigrasta	1	1		1
aBimuKa	1	1		1
aBinavodBid	1	1	puM	1
aBinaya	1	1	puM	1
aBivAdaka	1	1	tri	1
aBivAdana	1	1	klI	1
aBizaNga	1	1	puM	1
aBizvaNga	1	1		1
aBri	1	1	strI	1
aBriya	1	1	tri	1
aByAKyAna	1	1	klI	1
aByAsAdana	1	1	klI	1
aByantara	1	1	klI	1
aByarhita	1	1		1
aByavakarzaRa	1	1	klI	1
aByavaskandana	1	1	klI	1
aByupapatti	1	1	strI	1
aByutTAna	1	1	klI	1
aDIra	1	1	tri	1
aDarAhan	1	1		0
aDaredyus	1	1	a	1
aDas	1	1		1
aDastAt	1	1		1
aDfzwa	1	1	tri	1
aDigama	1	1		1
aDikANga	1	1	puM	1
aDikAra	1	1	puM	1
aDikarDi	1	1	tri	0
aDikfta	1	2	puM	1
aDikzepa	1	1		1
aDikzipta	1	1	tri	1
aDirohiRI	1	1	strI	1
aDojihvikA	1	1		1
aDomuKa	1	1	tri	1
aDyApaka	1	1	puM	1
aDyAsana	1	1		1
aDyAtma	1	1		1
aDyAya	1	1		1
aDyavasAya	1	1	puM	1
aDyezaRA	1	1	strI	0
aKAta	1	1	puMklI	1
aNgada	1	1	puMklI	1
aNgahAra	1	1	puM	1
aNgasaMskAra	1	1	puM	1
aNgavikzepa	1	1	puM	1
aNgulI	1	1	strI	1
aNgulIyaka	1	1	puMklI	1
aNkowa	1	1	puM	1
aNkuSa	1	1	puMklI	1
aRIyas	1	1		1
aRavIna	1	1	tri	0
aRavya	1	1	klI	1
aRi	1	1	puMstrI	1
aSlIla	1	1	klI	1
aSmaSrunf	1	1		0
aSmadAraRa	1	1		1
aSmarI	1	1	strI	1
aSmavikfti	1	1		0
aSoka	1	2	klI|puM	1
aSrezWa	1	1		1
aSuBABAva	1	1		0
aSuBa	1	1		1
aSuBadEva	1	1		0
aSudDa	1	1		1
aSvABaraRa	1	1		0
aSvAroha	1	1	puM	1
aSvaBUzA	1	1		0
aSvaKura	1	1		1
aSvameDIya	1	1	puM	1
aSvayuj	1	1	strI	1
aSvinI	1	1	strI	1
aYcita	1	1	tri	1
abADa	1	1	tri	1
abDyambuvikfti	1	1		0
abadDa	1	1	klI	1
acaRqI	1	1	strI	1
acikkaRa	1	1		0
adUreritekzaRa	1	1		0
adfS	1	1	tri	1
adruta	1	1		1
adya	1	1	a	1
agADa	1	1	tri	1
agAra	1	1		1
agnikaRa	1	1	puM	1
agnitraya	1	1		1
agnyutpAta	1	1	puM	1
agramAMsa	1	1	klI	1
agrataHkfta	1	1		0
ahaMyu	1	1	tri	1
ahaNkAravat	1	1	tri	0
ahi_PaRa	1	1		0
ahi_kAya	1	1		0
ahidaMzwrA	1	1		0
ahidaMzwrikA	1	1	strI	0
ahituRqika	1	1	puM	1
ahiyudDa	1	1		0
ahnAzwamAMSa	1	1		0
aho	1	1	a	1
ajA	1	1	strI	1
ajAjIva	1	1	puM	1
ajAtaSfNgago	1	1		0
ajaSfNgI	1	1	strI	1
ajagava	1	1	klI	1
ajinapatrA	1	1	strI	0
ajita	1	2	puM	1
ajjukA	1	1	strI	1
akAmAnumati	1	1		0
akfzRakarman	1	1	tri	1
akuSalakarman	1	1		0
akzAgrakIlaka	1	1	puM	1
akzAnti	1	1	strI	1
akzadarSaka	1	1	puM	1
akzapAda	1	1	puM	1
akzigata	1	1	tri	1
akziloman	1	1		1
akzowa	1	1	puM	1
alAbU	1	1	strI	1
alAta	1	1	klI	1
alaNkarman	1	1	tri	0
alaNkartf	1	1	tri	0
alaNkriyA	1	1	strI	0
alagarda	1	1	puM	1
alaka	1	1	puM	1
alakzmI	1	1	strI	1
alarka	1	2	puM	1
aliYjara	1	1	puM	1
alpamAriza	1	1	puM	1
alpatanu	1	1	puM	1
amBas_raya	1	1		0
amanda	1	1		1
amarzin	1	1		1
amasfRa	1	1		1
ambA	1	1	strI	1
ambUkfta	1	1	klI	1
ambarIza	1	1	klI	1
ambusaraRa	1	1	klI	0
ambuvetasa	1	1	puM	1
amlAna	1	1	puM	1
amla	1	2	puM	1
ammaya	1	1	tri	1
anAgatAhan	1	1		0
anAkula	1	1		1
anAmaya	1	1	klI	1
anAtapa	1	1		1
anAtman	1	1		1
anAyAsakfta	1	1	tri	1
anDatamasa	1	2	klI	1
anIkasTa	1	1	puM	1
anakzara	1	1	klI	1
anarTaka	1	1	klI	1
anas	1	1	klI	1
anavaDAnatA	1	1	strI	1
anavaDi	1	1		1
anekArTa	1	1		1
aneqamUka	1	1	tri	1
anirudDa	1	1	puM	1
antagamana	1	1		1
antarABavasattva	1	1		1
antarAla	1	1	klI	1
antarAtman	1	1		1
antarIpa	1	1	puMklI	1
antardvAra	1	1	klI	1
antargata	1	1	tri	1
antargfha	1	1		1
antarjaWara	1	1		1
antarvARi	1	1	tri	1
antikASraya	1	1	puM	1
antikatama	1	1	tri	0
antra	1	1	klI	1
anuBava	1	1	puM	1
anuboDa	1	1	puM	1
anugraha	1	1	puM	1
anuhAra	1	1	puM	1
anujYA	1	1		1
anukAmIna	1	1	puM	1
anukAra	1	1	puM	1
anulApa	1	1	puM	1
anumati	1	1	strI	1
anurAga	1	1		1
anuroDa	1	1	puM	1
anutarzaRa	1	1	klI	1
anuvartana	1	1	klI	1
anuvrajyA	1	1		1
anvAcaya	1	1		1
anyAhan	1	1		0
anyaSuBadveza	1	1		0
anyaSuBadvezavat	1	1		0
anyatarAhan	1	1		0
anyataredyus	1	1	a	1
anyedyus	1	1	a	1
anyonya	1	1		1
apANga	1	2	puM	1
apANgadarSana	1	1	klI	1
apAYc	1	1	a	1
apAcI	1	1		1
apaBraMSa	1	1	puM	1
apaDvasta	1	1	tri	1
apaSabda	1	1	puM	1
apaTa	1	1	klI	1
apaTin	1	1	puM	1
apadiSam	1	1	klIa	1
apahAra	1	1	puM	1
apahnava	1	1		1
apakAragir	1	1	strI	1
apalApa	1	1	puM	1
aparAdDa	1	1		1
aparAhan	1	1		0
aparedyus	1	1	a	1
apaskara	1	1	puM	1
apasnAta	1	1	tri	1
apatrapizRu	1	1	tri	1
apatya	1	1	klI	1
apogaRqa	1	1	puM	1
apraTama	1	1		0
aprahata	1	1	tri	1
apratiBa	1	1		1
apratyakza	1	1	tri	1
apreman	1	1		1
apriya	1	1		1
apsaras	1	2	strIba	1
arAtyaBiyukta	1	1		0
arDarAtra	1	1	puM	1
arDoruka	1	1	klI	1
arSoroga	1	1	tri	1
arTAdidarpa	1	1		0
arTAnapeta	1	1		0
arTaSAstra	1	1	klI	1
arTadApana	1	1		0
arTaniScaya	1	1		1
arTasUcanA	1	1		0
araRyAnI	1	1	strI	1
arara	1	1	tri	1
ardita	1	1	tri	1
arimeda	1	1	puM	1
aritra	1	1	klI	1
arizwaduzwaDI	1	1	tri	1
arkAdi	1	1		0
aroga	1	1		1
aruntuda	1	1	tri	0
arvAYc	1	1	a	0
aryA	1	1	strI	1
aryARI	1	1	strI	1
asAra	1	1	tri	1
asOmyasvara	1	1	tri	0
asPuwavAc	1	1	tri	0
asTira	1	1	tri	1
asUyopagama	1	1		0
asaMbADacamUgati	1	1		0
asamIkzyakArin	1	1	tri	1
asfrgDarA	1	1	strI	0
asiDAvaka	1	1	puM	1
asiheti	1	1	puM	1
astam	1	1	a	1
asti	1	1	a	1
astra	1	2	puMklI	1
astu	1	1	a	1
asuDAraRa	1	1	klI	1
asvADyAya	1	1	puM	1
asvara	1	1	tri	1
atIkzRa	1	1		1
atIndriya	1	1	tri	1
atItAhan	1	1		0
atItanOka	1	1	tri	1
atalasparSa	1	1	tri	1
atarkita	1	1		1
atiSaktiBAj	1	1	puM	1
atiSaktitA	1	1	strI	1
atiSasta	1	1		1
atiSayAlpa	1	1		0
atiSayabAQa	1	1		0
atiSayapraSasya	1	1		0
atiSayasADu	1	1		0
atiSayavara	1	1		0
atiSayavfdDa	1	1		0
atiSayayuvan	1	1		0
atiSayoru	1	1		0
atijava	1	1	puM	1
atinirhArin	1	1	puM	0
atinu	1	1	tri	1
atiprasidDa	1	1		1
atirikta	1	1	tri	1
atisArakin	1	1	tri	1
atisUkzma	1	1		0
atisaMskfta	1	1		1
atisarjana	1	1	klI	1
ativAda	1	1	puM	1
atiyuvan	1	1		1
atrAhan	1	1		0
atri	1	1	puM	1
attikA	1	1	strI	1
atyantakopana	1	1	tri	1
atyupaDAmAtya	1	1		0
avAcIna	1	1	tri	1
avAcya	1	1	klI	1
avAgBava	1	1	tri	0
avAk	1	1	tri	1
avApti	1	1		1
avAta	1	1		1
avaDfta	1	1		1
avaDvasta	1	1	tri	1
avacUrRita	1	1	tri	1
avadAna	1	1	klI	1
avadAraRa	1	1	klI	1
avadIrRa	1	1	tri	1
avagrAha	1	1	puM	1
avagraha	1	2	puM	1
avahAra	1	1	puM	1
avahitTA	1	1	strI	1
avakIrRin	1	1	puM	1
avakara	1	1	puM	1
avakfzwa	1	1	tri	1
avalambita	1	1		1
avamarda	1	1	puM	1
avanAya	1	1	puM	1
avanDya	1	1	tri	1
avarIRa	1	1	tri	1
avara	1	1		1
avasAna	1	2	klI	1
avasTA	1	1		1
avatokA	1	1	strI	1
avawa	1	1	puM	1
avekzA	1	1	strI	1
aviDi	1	1		1
aviSvAsa	1	1		1
avidUra	1	1		1
avikrama	1	1		1
avinIta	1	1	tri	1
avispazwa	1	1	tri	1
avyaktarAga	1	1	puM	1
awanI	1	1	strI	1
ayi	1	1	a	1
ayoGana	1	1		1
ayogra	1	1	puMklI	1
bAhudA	1	1	strI	1
bAhumUla	1	1	klI	1
bAhuyudDa	1	1	klI	1
bAhya	1	1		1
bAlA	1	1	strI	1
bAlagarBiRI	1	1	strI	1
bAlamUzikA	1	1	strI	1
bAlapASyA	1	1	strI	1
bAlatfRa	1	1	klI	1
bAlyAdi	1	1		0
bIjAkfta	1	1	klI	1
bIjakoSa	1	1	puM	1
bIjya	1	1	puM	1
baDira	1	1	puM	1
bahir	1	1	a	1
bahirdvAra	1	1	klI	1
bahis	1	1		1
bahukara	1	1	tri	1
bahulIkfta	1	1	tri	1
bahumUlya	1	1	klI	1
bahusUti	1	1	strI	1
baka	1	1	puM	1
bakula	1	1	puM	1
balA	1	1	strI	1
balAkA	1	1	strI	1
balavinyAsa	1	1	puM	1
balisuta	1	1		0
banDaka	1	1		1
banDanAlaya	1	1	puM	1
banDastamBa	1	1	puM	1
banDura	1	1	tri	1
baqiSa	1	1	klI	1
bazkayaRI	1	1	strI	1
bfMhita	1	1	klI	1
bimba	1	1	puMklI	1
bindujAlaka	1	1	klI	1
biqa	1	1	klI	0
bisa	1	1	klI	1
bisakaRWikA	1	1	strI	1
boDakara	1	1	puM	1
brahmacArin	1	2	puM	1
brahmavAdin	1	1	puM	1
brahmavarcas	1	1	klI	1
bukkA	1	1	strI	0
busa	1	1	klI	1
cAkrika	1	1	puM	1
cAlanI	1	1	strI	1
cAmara	1	1	klI	1
cAmaradaRqa	1	1		0
cAmuRqA	1	2	strI	1
cAraRa	1	1	puM	1
cArvAka	1	1	puM	1
cAza	1	1	puM	1
cEtya	1	1	klI	1
cOryAdikarman	1	1		0
cUcuka	1	1	puMklI	1
cUqAmaRi	1	1	puM	1
cUrRakuntala	1	1	puM	1
caRaka	1	1	puM	1
caRasUtra	1	1	klI	0
caRqAtaka	1	1	klI	1
caRqa	1	1	tri	1
cakravartin	1	1	puM	1
camUjaGana	1	1		0
candraSAlA	1	1	strI	1
candraka	1	1	puM	1
caramakzmABft	1	1	puM	1
carcikA	1	1	strI	1
caritra	1	1		1
carmakAra	1	1	puM	1
carmamuRqA	1	1	strI	1
carmapraBeDikA	1	1	strI	0
carmaprasevikA	1	1	strI	1
catuHSAla	1	1	klI	1
cavikA	1	1	strI	1
cavya	1	1	klI	1
cawaka	1	1	puM	1
cazAla	1	1	puM	1
cetaHpIqA	1	1		1
cilicima	1	1	puM	1
cipiwa	1	1		1
cipiwaka	1	1	puM	1
cirAtIta	1	1		0
cirakriya	1	1	tri	1
ciraprasUtA	1	1	strI	1
ciriRwI	1	1	strI	1
citrakara	1	1	puM	1
citropakaraRaSalAkA	1	1		0
cittABoga	1	1	puM	1
cittasamunnati	1	1	strI	1
cittaviBrama	1	1	puM	1
cola	1	1	puM	1
dAkzAyya	1	1	puM	1
dAkziRAtya	1	1		1
dAmBika	1	1		1
dAman	1	1	strIklI	1
dAmanI	1	1	strI	1
dApita	1	1	tri	1
dAqima	1	1	puM	1
dAruRaraRa	1	1		0
dAruhastaka	1	1	puM	1
dArvAGAwa	1	1	puM	1
dAtf	1	1		1
dAtra	1	1	klI	1
dAtyUha	1	1	puM	1
dEnya	1	1		1
dInAra	1	1		1
dIpa	1	1	puM	1
dIpaka	1	1	puM	1
dIrGa	1	1	tri	1
dIrGadveza	1	1		0
dIrGakoSikA	1	1	strI	1
dIrGasUtra	1	1	tri	1
dIrGikA	1	1	strI	1
dUta	1	1	puM	1
dUzya	1	1	klI	1
daDi	1	1	klI	1
daDisaktu	1	1	puM	1
daMSa	1	1	puM	1
daRqanIti	1	1	strI	1
daRqavizkamBa	1	1	puM	1
daSama	1	1		1
dadruRa	1	1	tri	1
dadrurogin	1	1	tri	1
dagDikA	1	1	strI	0
dakziRA	1	1	strI	1
dakziRadikpati	1	1	puM	0
dakziRapUrvadikpati	1	1	puM	0
dakziRapaScimadikpati	1	1	puM	0
damita	1	1	tri	1
damya	1	1	puM	1
dantura	1	1		1
darBamuzwi	1	1		1
darI	1	1	strI	1
deSya	1	1		1
dehalI	1	1	strI	1
devAjIva	1	1	puM	1
devaBeda	1	1		0
devaKAtaka	1	1	klI	1
devaSilpin	1	1		1
devala	1	1	puM	1
devasaBA	1	1	strI	1
devata	1	1		0
devavfta	1	1		0
devf	1	1	puM	1
dfQanistala	1	1		0
dfQasanDi	1	1	tri	0
dfgfj	1	1		0
dfzwarajas	1	1	strI	1
divA	1	1	a	1
divAkaraniSAkarO	1	1	puMdvi	0
divyagAyana	1	1		1
dohadavatI	1	1	strI	1
dozEkadfS	1	1	tri	1
dozotpAda	1	1		0
drapsya	1	1	klI	1
dravyASrita	1	1		1
droRa	1	2	puM	1
droRadugDA	1	1	strI	1
droRakAka	1	1	puM	1
droRakzIrA	1	1	strI	1
drohacintana	1	1	klI	1
drumapraBeda	1	1		0
duScarman	1	1		1
dudruma	1	1	puM	1
dugDikA	1	1	strI	1
dukUla	1	1	klI	1
durganDa	1	1	puM	1
durgapaTa	1	1		0
durgasaYcara	1	1	puM	0
durnAmaka	1	1	klI	1
durnAman	1	1	puM	1
duzWu	1	1	a	1
dvAHsTA	1	1		0
dvAdaSANgula	1	1	puM	1
dvAramAtra	1	1		0
dvEpa	1	1	tri	1
dvIpa	1	1	puMklI	1
dvayAtiga	1	1	puM	1
dvezya	1	1	tri	1
dvijAdi	1	1		0
dyUtANga	1	1		0
dyUtakAra	1	1		1
dyUtakAraka	1	1	puM	1
ekadA	1	1	a	1
ekadeSa	1	1		1
ekaguru	1	1	puM	1
ekakuRqala	1	1	tri	1
ekavAra	1	1		0
eqa	1	1	puM	1
ezaRikA	1	1	strI	1
ezamas	1	1	a	0
ezikA	1	1	strI	1
fdDa	1	1	tri	1
fjIza	1	1	klI	1
ftu	1	3	puM	1
ftuBeda	1	1		0
ftvij	1	1	puM	1
fzi	1	1	puM	1
fzijuzwajala	1	1		0
gARqIva	1	1	puMklI	1
gARqiva	1	1	puMklI	1
gAna	1	1	klI	1
gErika	1	2	klI|tri	1
gIrRi	1	1	strI	1
gIrpati	1	1		1
gIta	1	1	klI	1
gOrava	1	1	klI	1
gUQa	1	1	tri	1
gUna	1	1	tri	1
gaRanIya	1	1	tri	1
gaReya	1	1	tri	1
gaRita	1	1	tri	1
gaRqIra	1	1	puM	1
gaRqUpadI	1	1	strI	1
gajabanDanI	1	1	strI	1
gajagaRqa	1	1		0
gajakawi	1	1		0
gajatA	1	1	strI	1
gajendragarjita	1	1		0
gala	1	1	puM	1
galakambala	1	1	puM	1
galoddeSa	1	1	puM	0
ganDolI	1	1	strI	1
gantrI	1	1	strI	1
gaqula	1	1	puM	1
garBASaya	1	1	puM	1
garBAgAra	1	1	klI	1
garBamocana	1	1		1
garBopaGAtinI	1	1	strI	1
gargarI	1	1	strI	1
garhA	1	1		1
garhita	1	1		1
garhyavAdin	1	1	tri	1
garta	1	1	puMstrI	1
garvita	1	1		1
gatanAsika	1	1	puM	1
gaveDu	1	1	strI	1
gaveDukA	1	1	strI	1
gavyA	1	1	strI	1
gavyUti	1	1	strI	1
genduka	1	1	puM	1
gfDra	1	1	puM	1
gfhArAma	1	1	puM	1
gfhAvagrahaRI	1	1	strI	1
gfhagoDikA	1	1	strI	1
gfhapati	1	1	puM	1
gfhayAlu	1	1	tri	1
girikA	1	1	strI	1
glAna	1	1	tri	1
glAsnu	1	1	tri	1
glaha	1	1	puM	1
goDA	1	1	strI	1
goDApadI	1	1	strI	1
goDUma	1	1	puM	1
goDana	1	1	klI	1
goDikA	1	1	strI	1
goduh	1	1		1
gojihvA	1	1	strI	1
gokula	1	1	klI	1
gola	1	1		1
gomaya	1	1	puMklI	1
gonasa	1	1	puM	1
gopAnasI	1	1	strI	1
gorda	1	1	klI	1
gosTAnaka	1	1	klI	1
goviz	1	1	puMklI	1
gozWADyakza	1	1		1
gozWapati	1	1		1
grAmADIna	1	1	puM	0
grAmADipa	1	1		1
grAmAnta	1	1	klI	1
grAmatakza	1	1	puM	1
grAmya	1	1	klI	1
grAsa	1	1	puM	1
grEveyaka	1	1	klI	1
grIzma	1	1	puM	1
grahItf	1	1	tri	1
grahaBeda	1	1		0
grahaRI	1	1	strI	1
guRASraya	1	1		1
guRWita	1	1	tri	1
guRavfkzaka	1	1	puM	1
guRita	1	1	tri	1
gucCaka	1	1	puM	1
gulPa	1	1	puM	1
guptavAda	1	1		0
gupti	1	1	strI	1
guraRa	1	1	klI	1
hAlika	1	1	puM	1
hAstika	1	1	klI	1
hI	1	1	a	1
hIraka	1	1		1
haMsaka	1	1	puM	1
haWArTa	1	1		0
halamuKAgra	1	1		0
hallaka	1	1	klI	1
hanna	1	1	tri	1
haraRa	1	1	klI	1
harimanTaka	1	1	puM	1
haritA	1	1		1
harmyAdiprakozWa	1	1		0
hastasUtra	1	1		1
hayAroha	1	1		1
heli	1	1	puM	1
hemapratimA	1	1		1
hetukfta	1	1		0
hezA	1	1	strI	1
hfdayAlu	1	1	tri	1
hfdayaNgama	1	1	klI	0
hiMsAkarman	1	1	klI	1
himAnI	1	1	strI	1
himasaMhati	1	1	strI	1
hiraRyavAha	1	1	puM	1
hitASaMsA	1	1		1
hrezA	1	1	strI	1
huta	1	1	tri	1
hyas	1	1	a	1
iBI	1	1		1
iBadanta	1	1		0
iBagaRqa	1	1		0
iBamUrDAMSa	1	1		0
iNgudI	1	1	strI	0
icCAprasara	1	1		0
icCAvatI	1	1	strI	0
ijyASIla	1	1	puM	0
ikzu	1	1	puM	1
ikzupAka	1	1		1
ikzvAku	1	1	strI	1
indIvara	1	1	klI	1
indrAyuDa	1	1	klI	1
indraluptaka	1	1	klI	1
indravAruRI	1	1	strI	1
irammada	1	1	puM	0
itTam	1	1		1
itarAhan	1	1		0
itaredyus	1	1	a	1
itaretara	1	1		1
itihAsa	1	1	puM	1
itiha	1	1	a	1
iyattA	1	1		1
izwArTodyukta	1	1	tri	1
jANGika	1	1	puM	1
jANgulika	1	1	puM	1
jAbAla	1	1	puM	1
jAgarA	1	1	puMstrI	1
jAgarUka	1	1	tri	1
jAgaritf	1	1	tri	1
jAgaryA	1	1	strI	1
jAlaka	1	1	klI	1
jAra	1	1	puM	1
jAtIPala	1	1	klI	1
jAtIkoSa	1	1	klI	1
jAtu	1	1	a	1
jEminIya	1	1	puM	1
jEtra	1	1	puM	1
jIrRavastra	1	1	klI	1
jIvAnapekzikarman	1	1		0
jIvAntaka	1	1	puM	1
jIvAtu	1	1	puM	1
jIvanOzaDa	1	1	klI	1
jIvitakAla	1	1	puM	1
jUrti	1	1	strI	1
jUti	1	1	strI	1
jYAtasidDAnta	1	1	puM	1
jYAtavya	1	1		1
jYAtiviSeza	1	1		0
jYapita	1	1	tri	1
jYapta	1	1	tri	1
jaNGA	1	1	strI	1
jaNGAkarika	1	1	puM	1
jaNGAla	1	1	puM	1
jaNgametara	1	1	tri	1
jagala	1	1	puM	1
jalADAra	1	1	puM	1
jalaSukti	1	1	strI	1
jalajantu	1	1	puM	1
jalanirgama	1	1	puM	1
jalaprAnta	1	1		1
jalavyAla	1	1	puM	1
jalocCvAsa	1	1	puM	1
janASraya	1	1	puM	1
janapada	1	1	puM	1
janitAtyarTAnurAgA	1	1		0
janmaBUmi	1	1		1
janmahetu	1	1		0
japApuzpa	1	1	klI	0
japa	1	1	puM	1
jaqIBAva	1	1		1
jarA	1	1	strI	1
jarAyu	1	1	puM	1
jaradgava	1	1	puM	1
jatukA	1	1	strI	1
javADika	1	1	puM	1
jawAjUwa	1	1	puM	1
jayana	1	1	klI	1
jayanta	1	1	puM	1
jfmBa	1	1	tri	1
jfmBaRa	1	1	klI	1
jijYAsA	1	1		1
jugupsana	1	1		1
jugupsita	1	1		1
jvara	1	2	puM	1
jyAni	1	1	strI	1
jyezWaBaginI	1	1	strI	0
jyotiriNgaRa	1	1	puM	1
jyotsnikA	1	1		1
kARqIra	1	1	puM	1
kARqavat	1	1	puM	1
kAWinya	1	1		1
kAcita	1	1	tri	1
kAdamba	1	1	puM	1
kAdambinI	1	1	strI	1
kAdraveya	1	1	puM	1
kAkANgI	1	1	strI	1
kAkalI	1	1	strI	1
kAkamAcI	1	1	strI	1
kAkanAsikA	1	1	strI	1
kAkapakza	1	1	puM	1
kAkola	1	2	puM|puMklI	1
kAkuda	1	1	klI	1
kAlAguru	1	1	klI	1
kAlaBeda	1	1		1
kAlaKaRqa	1	1	klI	1
kAlakaRWaka	1	1	puM	1
kAlakriyAmAna	1	1	klI	0
kAlaviSeza	1	1		0
kAlikA	1	1	strI	1
kAlikovasTA	1	1	strI	0
kAmaNgAmin	1	1	puM	0
kAmam	1	1	a	1
kAmapravedana	1	1		0
kAmbavika	1	1	puM	1
kAminI	1	2	strI	1
kAmukA	1	1	strI	1
kAmukI	1	1	strI	1
kAmyadAna	1	1	klI	1
kAnIna	1	1	puM	1
kAndiSIka	1	1	tri	0
kAntAraka	1	1	puM	1
kApila	1	1	puM	1
kArA	1	1	strI	1
kAraRika	1	1	tri	1
kArma	1	1	tri	1
kArmaRa	1	1	klI	1
kArottara	1	1	puM	1
kAru	1	1	puM	1
kAruBeda	1	1		0
kAryAkzama	1	1		1
kArzApaRa	1	1	puM	1
kArzika	1	1	puM	1
kAsU	1	1		1
kAsa	1	1	puM	1
kAtara	1	1	tri	1
kAyA	1	1		0
kAzWa	1	1	klI	1
kAzWakuddAla	1	1	puM	1
kESika	1	1	klI	1
kESikyAdi	1	1		0
kESya	1	1	klI	1
kErava	1	1	klI	1
kIla	1	1	puMstrI	1
kIlaka	1	1	puM	1
kIra	1	1	puM	1
kIwa	1	1		1
kOlawineya	1	1	puM	1
kOntika	1	1	puM	1
kOsuma	1	1		1
kUbara	1	1	puM	1
kUrmI	1	1		1
kUrpAsaka	1	1	puMklI	1
kUrpara	1	1	puMstrI	1
kUwaSAlmali	1	1	puM	1
kUwayantra	1	1	klI	1
kUzmARqaka	1	1	puM	1
kaMsa	1	1	puMklI	1
kaNgu	1	1	strI	1
kaNka	1	1	puM	1
kaNkaRa	1	1	klI	1
kaNkatikA	1	1	strI	1
kaPa	1	1	puM	1
kaPoRi	1	1	puMstrI	1
kaRWa	1	1	tri	1
kaRWaBUzA	1	1	strI	1
kaRiSa	1	1	klI	1
kaRqola	1	1	puM	1
kaRwakiPala	1	1	puM	1
kaScit	1	1	a	0
kaSeru	1	1		1
kaSyArha	1	1	tri	0
kaTA	1	1	strI	1
kacCura	1	1	tri	1
kacoccaya	1	1		0
kadAcit	1	1	a	0
kadara	1	1	puM	1
kadvada	1	1	tri	1
kahva	1	1	puM	1
kakzAntara	1	1		1
kalAhIna	1	1	puM	0
kala	1	2	puM	1
kalaBa	1	1	puM	1
kalahaMsa	1	1	puM	1
kalakala	1	1	puM	1
kalala	1	1	puMklI	1
kalaviNka	1	1	puM	1
kalhAra	1	1	klI	1
kalikA	1	1	strI	1
kalila	1	1	tri	1
kaliyuga	1	1		1
kalpanA	1	1	strI	1
kamaWI	1	1	strI	1
kambalivAhyaka	1	1	klI	1
kampa	1	1	puM	1
kanInikA	1	1	strI	1
kanakADyakza	1	1	puM	1
kanakAlukA	1	1	strI	1
kandara	1	1	puMstrI	1
kandu	1	1	puMstrI	1
kanduka	1	1	puM	1
kanyA	1	1	strI	1
kanyakAjAta	1	1	puM	1
kapAla	1	1	puMklI	1
kapAwa	1	1	tri	1
kaparda	1	1	puM	1
kapiSIrza	1	1	klI	1
kapiSa	1	1	puM	1
kapola	1	1	puM	1
kapotapAlikA	1	1	strI	1
kaqaNgara	1	1	puM	1
kaqamba	1	1	puM	1
karIzAgni	1	1		1
karRaBUzaRa	1	1		1
karRaDAra	1	1	puM	1
karRajalOkA	1	1	strI	1
karRapAlI	1	1		1
karRejapa	1	1	tri	1
karaBUzaRa	1	1	klI	1
karaSAKA	1	1	strI	1
karaSIkara	1	1	puM	1
karahAwa	1	1	puM	1
karamBa	1	1	puM	1
karapatra	1	1	klI	0
karatoyA	1	1	strI	1
karavAlikA	1	1	strI	1
karewu	1	1	puM	1
kariSAvaka	1	1	puM	1
karigarjita	1	1	klI	1
karihastANguli	1	1		0
karihastAgra	1	1		0
karipUcCamUlopAnta	1	1		0
karkAru	1	1	puM	1
karka	1	1	puM	1
karkarewu	1	1	puM	1
karkawI	1	1	strI	1
karkawaka	1	1	puM	1
karmaSIla	1	1	tri	1
karmaSUra	1	1	tri	1
karmaWa	1	1	tri	1
karmakzama	1	1	tri	1
karmamowI	1	1	strI	0
karman	1	1		1
karmavftta	1	1	klI	0
karowi	1	1	strI	1
karparAMSa	1	1		1
karpara	1	1	puM	1
karpawa	1	1	puM	1
kartarI	1	1	strI	1
karza	1	2	puMklI	1
kattfRa	1	2	klI	1
kavala	1	1	puM	1
kavikA	1	1	strI	1
kawAkza	1	1	puM	1
kawiproTa	1	1	puM	1
kawutumbI	1	1	strI	1
keSaGna	1	1	klI	1
keSaveSa	1	1	puM	0
kekara	1	1	puM	1
kenipAtaka	1	1	puM	1
keyUra	1	1	puMklI	1
kfcCrAdikarman	1	1		0
kfkaRa	1	1	puM	1
kfkalAsa	1	1	puM	1
kfmi	1	2	puM	1
kfpARI	1	1	strI	1
kfsara	1	1	klI	1
kftAdi	1	1		0
kftalakzaRa	1	1	tri	1
kftrima	1	1		1
kftrimaDUpaka	1	1	puM	1
kfttikA	1	1		1
kfzi	1	2	strI	1
kiMvadantI	1	1	strI	1
kiNkiRI	1	1	strI	1
kiRva	1	1	klI	1
kiSora	1	1	puM	1
kikIdivi	1	1	puM	1
kilAsa	1	1	klI	1
kilAsin	1	1	tri	1
kiliYjaka	1	1	puM	1
kisalaya	1	1	puMklI	1
kiwwa	1	2	klI	1
klama	1	1	puM	1
klamaTa	1	1	puM	1
kliSita	1	1	tri	1
kloman	1	1	klI	1
koWa	1	1	puM	1
kodrava	1	1	puM	1
kokanadacCavi	1	1	puM	1
kolAhala	1	1	puM	1
kopanA	1	1	strI	1
koradUza	1	1	puM	1
koraka	1	2	puM	1
kowara	1	1	puMklI	1
kowavI	1	1	strI	1
kowiSa	1	1	puM	1
krAnti	1	1		1
krAyaka	1	1	puM	1
krIqAdi	1	1		0
krOYca	1	1	puM	1
krakaca	1	1	puMklI	1
kramanimnorvI	1	1		0
krayika	1	1	puM	1
kriyAkAra	1	1		1
kroSayuga	1	1	klI	1
kroqamuKAgra	1	1		0
kruYc	1	1	puM	1
kuRapa	1	1	klI	1
kuRqI	1	1	strI	1
kuSIlava	1	1	puM	1
kuWara	1	1	puM	1
kubja	1	1	puM	1
kucAgra	1	1	klI	1
kuca	1	1	puM	1
kucara	1	1	tri	1
kukara	1	1	puM	1
kukundara	1	1	puM	1
kukzimBari	1	1	tri	1
kulAla	1	1	puM	1
kulAya	1	1	puM	1
kulIra	1	1	puM	1
kulaSrezWin	1	1	puM	1
kulaja	1	1		1
kulapAlikA	1	1	strI	1
kulasamBava	1	1	puM	1
kulyABiDAyinI	1	1		0
kumBIra	1	1	puM	1
kumBakAra	1	1	puM	1
kumBikA	1	1	strI	1
kumuda	1	2	puM|puMklI	1
kumudinI	1	1	strI	1
kumudvatI	1	1	strI	1
kunta	1	1	puM	1
kuqya	1	1	klI	1
kuraRwaka	1	2	puM	1
kurara	1	1	puM	1
kusUla	1	1		1
kutU	1	1	strI	1
kutsana	1	1		1
kuvAda	1	1	tri	1
kuvalaya	1	1	klI	1
kuveRI	1	1	strI	1
kuvinda	1	1	puM	1
kuwmala	1	1	puMklI	1
kuwumbinI	1	1	strI	1
kuwwanI	1	1	strI	1
kvATarasa	1	1		0
kvaTita	1	1	tri	1
kzAnta	1	1	tri	1
kzAramfttikA	1	1	strI	1
kzIRarAga	1	1		0
kzIrAvI	1	1	strI	1
kzatavrata	1	1	puM	1
kzatriyA	1	1	strI	1
kzatriyARI	1	1	strI	1
kzavaTu	1	1	puM	1
kzepaRI	1	1	strI	1
kzepaRa	1	1	klI	1
kzipA	1	1	strI	1
kzipnu	1	1	tri	1
kzitivyudAsa	1	1		1
kziyA	1	1	strI	1
kzmAdi	1	1		0
kzoda	1	1	puM	1
kzudrARqamatsyasaNGAta	1	1	puM	0
kzudraGaRwikA	1	1	strI	1
kzudraSaNKa	1	1	puM	1
kzudraSatru	1	1		0
kzudravArtAkI	1	1		1
lANgaladaRqa	1	1	puM	1
lANgalapadDati	1	1	strI	1
lANgalikI	1	1	strI	1
lAsikA	1	1	strI	1
lOkAyatika	1	1	puM	1
laNGana	1	1		1
lagnaka	1	1	puM	1
lagnakaca	1	1		0
laguqa	1	1		1
lajjASIla	1	1	tri	1
lakzaRopeta	1	1		0
lalAwAsTi	1	1		0
lalAwikA	1	1	strI	1
lalantikA	1	1	strI	1
lambana	1	1	klI	1
lastaka	1	1	puM	1
latArka	1	1	puM	1
lavitra	1	1	klI	1
lepa	1	1		1
lepaka	1	1	puM	1
lezwu	1	1	puM	1
liNgavftti	1	1	puM	1
libi	1	1	strI	1
lipi	1	1	strI	1
liptaka	1	1	tri	1
lohakAraka	1	1	puM	1
lohala	1	1	tri	1
lohapfzWa	1	1	puM	1
lokAloka	1	1	puM	1
lokaDAtryaMSa	1	1		0
lokavAda	1	1		1
loluBa	1	1	tri	1
lolupa	1	1	tri	1
lozwa	1	1	puMklI	1
lozwaBedana	1	1	puM	1
luWita	1	1	tri	1
luptavarRapada	1	1	klI	0
mADya	1	1	puMklI	1
mAGa	1	1	puM	1
mAMsAd	1	1		1
mARavaka	1	2	puM	1
mAda	1	1	puM	1
mAgaDa	1	2	puM	1
mAhAtmya	1	1		1
mAlAkAra	1	1	puM	1
mAlAtfRaka	1	1	klI	1
mAlika	1	1	puM	1
mAluDAna	1	1	puM	1
mArdaNgika	1	1	puM	0
mAriza	1	1	puM	1
mArjitA	1	1	strI	0
mArkava	1	1	puM	1
mAs	1	1		1
mAtulAhi	1	1	puM	1
mAtulI	1	1	strI	1
mAyAkAra	1	1	puM	1
mAyu	1	1	puM	1
mAzIRa	1	1	tri	1
mAzya	1	1	klI	1
mIQa	1	1	tri	1
mImAMsaka	1	1	tri	1
mOktika	1	1	klI	1
mOrajika	1	1	puM	1
mUka	1	1	tri	1
mUlakarman	1	1	klI	1
mUlavaRigDana	1	1		1
mUrtiguRa	1	1		0
mUtra	1	1	klI	1
mUtrakfcCra	1	1	klI	1
mUtrita	1	1	tri	1
mUzA	1	1	strI	1
mUzika	1	1		1
mUzita	1	1	tri	1
maDUcCizwa	1	1	klI	1
maDukrama	1	1	puM	1
maDumakzikA	1	1	strI	1
maDuvAra	1	1	puM	1
maDyadeSa	1	1	puM	1
maDyamA	1	2	strI	1
maDyaratna	1	1		0
maDyeBabanDana	1	1		1
maNgalyA	1	1	klI	1
maNgalyaka	1	1	puM	1
maRi	1	1	puMstrI	1
maRika	1	1	puM	1
maRita	1	1	klI	1
maRqUra	1	1	klI	1
maRqahAraka	1	1	puM	1
maRqalaka	1	1	klI	1
maRqapa	1	1	puMklI	1
maYjari	1	1	strI	1
madakala	1	1	puM	1
madirAgfha	1	1	klI	1
madotkawa	1	1	puM	1
magaDa	1	1	puM	1
mahABIti	1	1		1
mahABUta	1	1		1
mahABUtaguRa	1	1		0
mahADana	1	1	klI	1
mahASUdrI	1	1	strI	1
mahASaya	1	1	tri	1
mahAmAtra	1	1	puM	1
mahAvAta	1	1	puM	1
mahecCa	1	1	tri	1
mahendra	1	1		1
mahodyama	1	1	tri	1
mahotsAha	1	1	tri	1
makaranda	1	1	puM	1
malliganDi	1	1	klI	1
manAkpriya	1	1		1
manTanI	1	1	strI	1
manTara	1	1	puM	1
manaskAra	1	1	puM	1
mandagAmin	1	1	puM	1
mandurA	1	1	strI	1
manoBava	1	1		1
manojavasa	1	1	tri	1
mantravyAKyAkft	1	1	puM	0
marIcI	1	1	strI	1
marIcikA	1	1	strI	1
marmaspfS	1	1	tri	1
masUra	1	1	puM	1
mastizka	1	1	klI	1
matsyADAnI	1	1	strI	0
matsyAtKaga	1	1		0
matsyaveDana	1	1	klI	1
meDi	1	1	puM	1
meGaBava	1	1	tri	0
meGajAla	1	1		1
meGajyoti	1	1	puM	0
meGamAlA	1	1	strI	1
medaka	1	1	puM	1
medura	1	1	tri	1
mezAdi	1	1		0
mezakambala	1	1	puM	1
mezaloman	1	1		0
mfRAla	1	1	puMklI	1
mfd	1	1	strI	1
mfdBARqa	1	1		1
mfdBeda	1	1		0
mfgAdana	1	1	puM	1
mfgI	1	1		1
mfgabanDanI	1	1	strI	0
mfgaromotTapawa	1	1		0
mfgatfzRA	1	1	strI	1
mftasaMskAra	1	1		1
mftasnAta	1	1	tri	1
mfti	1	1		1
mftsA	1	1	strI	1
mfttikA	1	1	strI	1
miTyABiSaMsana	1	1	klI	1
miTyABiyoga	1	1	puM	1
miTyAdfzwi	1	1	strI	1
mlecCadeSa	1	1	puM	1
mlizwa	1	1	tri	1
moGa	1	1	tri	1
muKapUraRa	1	1		1
muKyAnuyAyin	1	1		0
muRqa	1	1	puM	1
muhurBAzA	1	1	strI	1
muktA	1	1	strI	1
muktASudDi	1	1		0
muktAsPowa	1	1	puM	1
muktakaYcuka	1	1	puM	1
mukula	1	1	puMklI	1
mukuwa	1	1	klI	1
musala	1	1	puMklI	1
musta	1	1		1
muzita	1	1	tri	1
muzwibanDa	1	1	puM	1
nAgadantaka	1	1		1
nAgagativiSeza	1	1		0
nAganadI	1	1		0
nAganagarI	1	1		0
nAgaraNga	1	1	puM	1
nAgasamBava	1	1	klI	1
nAla	1	2	klI|puMklI	1
nAlikera	1	1	puM	1
nAndIkara	1	1	tri	1
nAndIvAdin	1	1	tri	0
nArAcI	1	1	strI	1
nArAca	1	1	puM	1
nArIruj	1	1		0
nAsAmala	1	1	klI	0
nAstikatA	1	1	strI	1
nAvika	1	1	puM	1
nAya	1	1	puM	1
nEkaBeda	1	1	tri	1
nEstriMSika	1	1	puM	1
nEyAyika	1	1	puM	1
nEzkika	1	1	puM	1
nIlAmbujanman	1	1	klI	1
nIlaNgu	1	1	puM	1
nIlyAdirAg	1	1		0
nIqa	1	1	puMklI	1
nIvAra	1	1	puM	1
nIvfd	1	1	puM	0
nIvfdviSeza	1	1		0
nOkAdaRqa	1	1	puM	1
nadIBeda	1	1		0
nagara	1	1		1
nagnahU	1	1	puM	1
nakra	1	1	puM	1
naktaka	1	1	puM	1
nakula	1	1		1
nalamIna	1	1	puM	1
namas	1	1	a	1
nanuca	1	1	a	0
naqvala	1	1	tri	1
naqvat	1	1	tri	1
nastita	1	1	puM	1
nasyota	1	1	puM	1
nati	1	1		1
navadala	1	1	klI	1
navamAlikA	1	1	strI	1
navasUtikA	1	1	strI	1
naya	1	1	puM	1
nazwAgni	1	1	puM	1
nazwa	1	1	tri	1
nazwacezwatA	1	1	strI	1
nedizWa	1	1	tri	1
netracCada	1	1		1
netraruj	1	1		1
nfpArhArTa	1	1		0
nfpAsana	1	1	klI	1
nfpAsarvagocara	1	1		0
nfpati	1	1		1
nftyasTAna	1	1		1
nftyekzaRa	1	1		1
niHSreRi	1	1	strI	1
niSAkara	1	1	puM	1
niSITa	1	1	puM	1
niScala	1	1		1
nicita	1	1		1
nicola	1	1	tri	1
nidAna	1	1	klI	1
nidarSana	1	1		1
nidigDa	1	1	tri	1
nidrARa	1	1	tri	1
nigAda	1	1	puM	1
nigAla	1	1	puM	1
nigada	1	1	puM	1
nigraha	1	1	puM	1
nihAkA	1	1	strI	1
nihAra	1	1	puM	1
nikarzaRa	1	1	klI	1
nikocaka	1	1	puM	1
nikuYja	1	1	puMklI	1
nimnagAraya	1	1		0
nipAtana	1	1	klI	1
nirAkarizRu	1	1	tri	1
nirBAgya	1	1		1
nirBartsana	1	1		1
nirRIta	1	1		1
nirRaya	1	1	puM	1
nirRejaka	1	1	puM	1
nirargala	1	1	tri	1
nirbanDa	1	1		1
nirdaya	1	1		1
nirfti	1	1	strI	1
nirgatajvAlA	1	1	puMstrI	0
nirhArin	1	1	puM	1
nirmada	1	1	puM	1
nirmoka	1	1	puM	1
nirmokza	1	1		1
nirmukta	1	1	puM	1
niroDa	1	1	puM	1
nirvahaRa	1	1	klI	1
nirvartana	1	1		1
nirvyApArasTiti	1	1		0
niryAsa	1	1		1
nisfzwa	1	1	tri	1
nivApa	1	1	puM	1
nivIta	1	2	klI|tri	1
niveSa	1	1	puM	1
nivfta	1	1	tri	1
nivftti	1	1		1
niyAmaka	1	1	puM	1
niyudDa	1	1	klI	1
nizadyA	1	1	strI	1
nizkAsita	1	1	tri	1
nizkalA	1	1	strI	0
nizkfti	1	1		1
nizkrama	1	1	puM	1
nizkuha	1	1	puM	1
nizkuwa	1	1	puM	1
nizpakva	1	1	tri	1
nizpatti	1	1		1
nyAsArpaRa	1	1		0
nyAsa	1	1	puM	1
nyasta	1	1	tri	1
oNkAra	1	1	puM	0
oqrapuzpa	1	1	klI	1
oza	1	1	puM	1
ozaDiviSeza	1	1		0
pARiGa	1	1	puM	1
pARivAda	1	1	puM	1
pAWIna	1	1	puM	1
pAYcAlikA	1	1	strI	1
pAdAgra	1	1	klI	1
pAdAta	1	2	klI|puM	1
pAdagrahaRa	1	1	klI	1
pAdakawaka	1	1	puM	1
pAdakft	1	1	puM	0
pAdasPowa	1	1	puM	1
pAdavalmIka	1	1	klI	0
pAkaSAsani	1	1	puM	1
pAmana	1	1	tri	1
pAnIyaSAlikA	1	1	strI	1
pAnaBAjana	1	1	klI	1
pAnagozWikA	1	1	strI	1
pAnapAtra	1	1	klI	1
pArAyaRa	1	1	tri	1
pArSvAsTi	1	1	klI	1
pArSvaBAga	1	1	puM	1
pAritaTyA	1	1	strI	1
pArizada	1	1	puM	1
pAruzya	1	1	klI	1
pAtuka	1	1	tri	1
pAzARadAraRa	1	1	puM	1
pAzaRqa	1	1	puM	1
pEWara	1	1	tri	1
pEtfzvaseya	1	1	puM	1
pEtfzvasrIya	1	1	puM	1
pIWAsana	1	1		0
pIWa	1	1	klI	1
pInasa	1	1	puM	1
pInoDnI	1	1	strI	1
pIqana	1	1	klI	1
pIvarastanI	1	1	strI	1
pORqarya	1	1	klI	1
pOrRamAsI	1	1	strI	1
pUjAviDi	1	1		1
pUrRakumBa	1	1	puM	1
pUrRimA	1	1	strI	1
pUrdvAra	1	1		1
pUrita	1	1	tri	1
pUrvA	1	2	strI	1
pUrvAbda	1	1		0
pUrvAhan	1	2		0
pUrvadikpati	1	1	puM	1
pUrvaparvata	1	1	puM	1
pUrvedyus	1	2	a	1
pUrvetarAbda	1	1		0
pUtiganDi	1	1	puM	1
paNgu	1	1	puM	1
paNkila	1	1	tri	1
paRqitammanya	1	1		1
paRyavITikA	1	1	strI	1
paScAdavasTAyibala	1	1		0
paScimadikpati	1	1	puM	1
paScimottaradikpati	1	1	puM	1
paSuSfNga	1	1		0
paSupreraRa	1	1	klI	1
paSurajju	1	1	strI	1
paSuyudDa	1	1		0
paYcadaSI	1	1	strI	1
pacA	1	1	strI	0
padmAkara	1	1	puM	1
padmabIjakoSI	1	1		0
padmaka	1	1	klI	1
pakkaRa	1	1	puM	1
pakti	1	1		1
pakzAnta	1	1	puM	1
pakzaBAga	1	1	puM	1
pakzadvAra	1	1	klI	1
pakzaka	1	1	puM	1
pakzamUla	1	3	klI	1
pakziyudDa	1	1		0
palARqu	1	1	puM	1
palagaRqa	1	1	puM	1
paliknI	1	1	strI	1
pallava	1	1	puMklI	1
panasa	1	1	puM	1
parABUta	1	1	tri	1
parABava	1	1		1
parANmuKa	1	1	tri	1
parAcIna	1	1	tri	1
parAjaya	1	1	puM	1
parAjita	1	1	tri	1
parAnna	1	1	tri	1
parAri	1	1	a	1
parIkzaka	1	1	tri	1
parIsAra	1	1	puM	1
parIvAha	1	1	puM	1
parRaSAlA	1	1	strI	1
parSukA	1	1	strI	1
paraSvas	1	1	a	1
paraloka	1	1		1
paramAnna	1	1	klI	1
paramAtman	1	1		1
parapiRqAda	1	1	tri	1
paredyavi	1	1	a	1
parezwukA	1	1	strI	1
pariBukta	1	1		1
pariDAnAYcala	1	1		0
pariDisTa	1	1	puM	1
pariGAta	1	1		1
pariGAtana	1	1	puM	1
pariKA	1	1	strI	1
pariRAha	1	1	puM	1
pariRata	1	1	tri	1
paricCeda	1	1		1
paricara	1	1	puM	1
paricaya	1	1	puM	1
paridevana	1	1	klI	1
parijana	1	1		1
parikarman	1	1	klI	1
parikrama	1	1	puM	1
parikriyA	1	1	strI	1
parikzipta	1	1	tri	1
parimARa	1	1		1
parimala	1	2	puM	1
paripUrRatA	1	1	strI	1
paripraSna	1	1		1
parisara	1	1	puM	1
parisarpa	1	1	puM	1
parisaryA	1	1	strI	1
parispanda	1	1	puM	1
parivApita	1	1	tri	1
parivAra	1	1		1
parozRI	1	1	strI	1
parut	1	1	a	1
parvasanDi	1	1	puM	0
paryantaBU	1	1	strI	1
paryavasTA	1	1	strI	1
paryupti	1	1		1
patAkin	1	1	puM	1
pataNgikA	1	1	strI	0
patadgraha	1	1	puM	1
patayAlu	1	1	tri	1
pativatnI	1	1	strI	1
patrANguli	1	1	strI	0
patraleKA	1	1	strI	0
patrapASyA	1	1	strI	0
patraparaSu	1	1	puM	0
pattisaMhati	1	1	strI	1
pavitraka	1	1	klI	1
pawa	1	1	puMklI	1
pawaccara	1	1	klI	1
pawavAsaka	1	1	puM	1
pfSni	1	1	puM	1
pfkti	1	1	strI	1
pfzWya	1	2	klI|puM	1
piRqikA	1	1	strI	1
piYjala	1	1	puM	1
picCA	1	1	strI	1
picCabarha	1	1	klI	0
picu	1	1	puM	1
picula	1	1	puM	1
pitfdAna	1	1	klI	1
pitfpitf	1	1	puM	1
pitfsanniBa	1	1	tri	0
pitfvana	1	1	klI	1
pitrAdi	1	1		0
pitta	1	1	klI	1
piwa	1	1	puM	1
pizwAta	1	1	puM	1
pizwapacana	1	1	klI	1
plIhan	1	1	puM	1
ploza	1	1	puM	1
potADAna	1	1	klI	1
potavAha	1	1	puM	1
potavaRij	1	1	puM	1
pozwf	1	1		1
prABfta	1	1	klI	1
prADAra	1	1	puM	0
prADvam	1	1	a	1
prAGURaka	1	1	puM	0
prAGUrRika	1	1	puM	1
prARyaNgaja	1	1		0
prARyantara	1	1		0
prARyutpAda	1	1		0
prATamakalpika	1	1	puM	1
prAcIna	1	2	klI|tri	1
prAgBava	1	1	tri	1
prAjYA	1	1	strI	1
prAjYI	1	1	strI	1
prAqvivAka	1	1	puM	1
prArTanA	1	1		1
prArTana	1	1		1
prArTita	1	1	tri	1
prAsa	1	1	puM	1
prAsika	1	1	puM	1
prAvfta	1	1	tri	1
prAvfz	1	1	strI	1
prAyas	1	1	a	1
praBuBAladarSin	1	1		0
praDi	1	1	puM	1
praRIta	1	2	puM|tri	1
praRava	1	1	puM	1
praReya	1	1	tri	1
praRihita	1	1	tri	1
praSaMsana	1	1		1
praSraya	1	1	puM	1
praTA	1	1	strI	1
prabanDa	1	1		1
prabanDakalpanA	1	1	strI	1
praboDana	1	1	klI	1
pracAra	1	1		1
pracCadapawa	1	1	puM	1
pracCanna	1	1	klI	1
pracakra	1	1	klI	1
pracalAyita	1	1	tri	1
pradIpa	1	1	puM	1
pradeSana	1	1	klI	1
pradeSinI	1	2	strI	1
pradoza	1	1	puM	1
pradyota	1	1		1
pragalBa	1	1	tri	1
pragatajAnuka	1	1	puM	1
pragfhya	1	1		1
prahara	1	1	puM	1
praharaRa	1	1	klI	1
prahelikA	1	1	strI	1
prahva	1	1		1
prajAvatI	1	1	strI	1
prajYu	1	1	puM	1
prajana	1	1	puM	1
prakIrRaka	1	1	klI	1
prakampana	1	1	puM	1
prakarzAdi	1	1		0
prakarza	1	1		1
prakftAnuvartana	1	1		0
prakftyAdivinaSvara	1	1		0
prakriyA	1	1	strI	1
prakvARa	1	1	puM	1
prakvaRa	1	1	puM	1
prakzveqana	1	1	puM	1
pramA	1	1	strI	1
pramAda	1	1	puM	1
pramAtf	1	1		1
pramiti	1	1	strI	1
prapA	1	1	strI	1
prapORqarIka	1	1	klI	1
prapada	1	1	klI	1
prasADanI	1	1	strI	1
prasPowana	1	1	klI	1
prasUti	1	1	strI	1
prasahya	1	1	a	1
prasannatA	1	1	strI	1
prasara	1	1	puM	1
prasaraRa	1	1	klI	1
prasavabanDana	1	1	klI	1
praseva	1	1	puM	1
prasevaka	1	1	puM	1
prasftA	1	1	strI	1
prasfta	1	1	tri	1
prasrAva	1	1	puM	1
prasravaRa	1	1	klI	1
prastAva	1	1	puM	1
pratApa	1	1	puM	1
pratApasa	1	1	puM	1
pratIcIna	1	1	tri	1
pratIhArI	1	1	strI	0
pratIkzya	1	1	tri	1
pratIpa	1	1		1
pratIvApa	1	1		1
pratiBAnvita	1	1	tri	1
pratiBU	1	1	puM	1
pratiDvAna	1	1	puM	1
pratiKyAti	1	1	strI	1
pratiSraya	1	1	puM	1
pratiSrut	1	1	strI	1
pratiSyAya	1	1	puM	1
pratibanDa	1	1	puM	1
pratigrAha	1	1	puM	1
pratihAraka	1	1	puM	1
pratijAgara	1	1	puM	1
pratikzipta	1	1	tri	1
pratiroDa	1	1		1
prativAkya	1	1	klI	1
pratizWA	1	1		1
pratyAhAra	1	1	puM	1
pratyAlIQa	1	1	klI	1
pratyAsAra	1	1	puM	0
pratyagBava	1	1	tri	0
pratyanta	1	1	puM	1
pratyantaparvata	1	1	puM	1
pratyayita	1	1	tri	1
pratyutkrama	1	1	puM	1
pravAraRa	1	1	klI	1
pravAsa	1	1		1
pravahlikA	1	1	strI	1
praveRI	1	1	strI	1
praviSleza	1	1	puM	1
pravizwamBa	1	1	puM	0
prayAma	1	1	puM	1
prayasta	1	1	tri	1
prayogArTa	1	1	puM	1
prazWOhI	1	1	strI	1
prazWavAh	1	1	puM	0
preNKA	1	1	strI	1
prezaRa	1	1		1
priyaMvada	1	1	tri	1
proTa	1	1	puMklI	1
puMBAva	1	1		0
puMbahutva	1	1		0
puMkriyA	1	1		0
puRyaBUmi	1	1	puM	1
punararTa	1	1		0
punarnavA	1	1	strI	1
purArTa	1	1		0
purAvftta	1	1	klI	1
purItat	1	1	puMklI	1
puradvAra	1	1	klI	1
puranDrI	1	1	strI	0
puroBAgin	1	1	tri	1
puroDas	1	1	puM	1
purohita	1	1	puM	1
putrikA	1	1	strI	1
puttikA	1	1	strI	1
puwaBeda	1	1	puM	1
puzita	1	1	tri	1
puzkarAhva	1	1	puM	1
puzkariRI	1	1	strI	1
puzpareRu	1	1		1
puzpavantO	1	1	puMdvi	0
puzwa	1	1	tri	1
quRquBa	1	1	puM	1
quli	1	1	strI	1
rADA	1	1	strI	1
rAdDAnta	1	1	puM	1
rAga	1	1		1
rAjaSyAla	1	1	puM	0
rAjabIjin	1	1	puM	1
rAjakaSeru	1	1		0
rAjaliNga	1	1		1
rAjasadana	1	1	klI	1
rAjasutA	1	1	strI	1
rAjavaMSya	1	1	puM	1
rAjila	1	1	puM	1
rAjyANga	1	1	klI	1
rAjya	1	1		1
rAkA	1	1	strI	1
rAmBa	1	1	puM	1
rAtryavasAna	1	1		0
rAzwriya	1	1	puM	1
rOdra	1	2	puM|tri	1
rOmaka	1	1	klI	1
rUpa	1	2	klI	1
rUpin	1	1		1
rUpyADyakza	1	1	puM	1
rUzita	1	1	tri	1
raNgAjIva	1	1	puM	1
raRasaNkula	1	1	klI	0
raTagupti	1	1	strI	1
racanA	1	1	strI	1
rahasya	1	2	tri	1
rajaka	1	1	puM	1
rajanImuKa	1	1	klI	1
raktAdi	1	1		0
raktasanDyaka	1	1	klI	0
rakzRa	1	1	puM	1
rakzitf	1	1		1
rakzivarga	1	1	puM	1
rallaka	1	1	puM	1
ramya	1	1		1
rasAdi	1	1		0
rasAlA	1	1	strI	1
rasadabda	1	1		0
rasadarvaka	1	1		0
ratikUjita	1	1	klI	0
ravaRa	1	1	tri	1
ravarRa	1	1		0
ravyarcis	1	1		0
riNKaRa	1	1	klI	1
rocana	1	1	puM	1
rodasyO	1	1		0
romAYca	1	1	puM	1
romaharza	1	1		1
romaharzaRa	1	1	klI	1
rugRa	1	1	tri	1
rukpratikriyA	1	1	strI	1
rukpravAhikA	1	1	strI	0
ruzokti	1	1		0
sADakatama	1	1	klI	1
sADita	1	1	tri	1
sADuvAhin	1	1	puM	1
sAMSayika	1	1	tri	1
sAMnAyya	1	1	klI	1
sAMyAtrika	1	1	puM	1
sANKya	1	1	puM	0
sAdara	1	1		1
sAhasika	1	1		1
sAhasra	1	2	klI|puM	1
sAmiDenI	1	1	strI	1
sAndrasnigDa	1	1	tri	1
sAntva	1	1	klI	1
sAptapadIna	1	1	klI	1
sArTa	1	1	puM	1
sArvaBOma	1	2	puM	1
sAsnA	1	1	strI	1
sAtisAra	1	1	tri	1
sAttvika	1	1	tri	1
sAya	1	1		1
sAzwaSatasuvarRa	1	1		0
sEreyaka	1	1	puM	1
sErika	1	1	puM	1
sEtavAhinI	1	1	strI	1
sImA	1	1	strI	1
sImArTa	1	1		0
sIman	1	1	strI	1
sIrANga	1	1		0
sIrin	1	1		1
sItA	1	1	strI	1
sKalana	1	1	klI	1
sKalita	1	1	klI	1
sOBAgineya	1	1	puM	1
sODa	1	1	puMklI	1
sOcika	1	1	puM	1
sOgata	1	1	puM	1
sOri	1	1	puM	1
sPAti	1	1	strI	1
sPUrjaTu	1	1	puM	1
sPawA	1	1	puMstrI	1
sPawika	1	1		1
sPic	1	1	strI	1
sPuliNga	1	1	tri	1
sPuraRA	1	1	strI	0
sPuraRa	1	1	klI	1
sTARqila	1	1	puM	1
sTAvara	1	1	tri	1
sTAvira	1	1	klI	1
sTOlya	1	1		1
sTOrin	1	1	puM	1
sTUlaSAwaka	1	1	puM	1
sTaRqila	1	1	klI	1
sTaRqilaSAyin	1	1	puM	1
sTalI	1	1	strI	1
sTala	1	1	klI	1
sTapati	1	2	puM	1
sTirAMSa	1	1		0
sUcana	1	1		1
sUcyagra	1	1		1
sUda	1	1	tri	1
sUkzmElA	1	1		1
sUnA	1	1	strI	1
sUryapriyA	1	1		0
sUtikAgfha	1	1	klI	1
sUtimAsa	1	1	puM	1
sUtra	1	1	klI	1
sUtravAya	1	1		0
sUtravezwana	1	1	klI	1
saBartfkA	1	1	strI	1
saBika	1	1	puM	1
saKya	1	1	klI	1
saMSayApannamAnasa	1	1	tri	1
saMhatajAnuka	1	1	puM	1
saMhatala	1	1	puM	1
saMjYu	1	1	puM	1
saMniveSa	1	1	puM	1
saMpiDAna	1	1		0
saMskArahIna	1	1	puM	1
saMstava	1	1	puM	1
saMvAhana	1	1	klI	1
saMvanana	1	1	klI	1
saMvartikA	1	1	strI	1
saMvasaTa	1	1	puM	1
saMvat	1	1	a	1
saMveda	1	1	puM	1
saMvega	1	1	puM	1
saMyatakeSa	1	1		0
saMyojita	1	1	tri	1
saNGa	1	1	puM	0
saNKyAta	1	1	tri	0
saNKyAviSeza	1	1		0
saNgUQa	1	1	tri	0
saNgata	1	1	klI	0
saNgrAha	1	2	puM	0
saNgraha	1	1	puM	0
saNkalita	1	1	tri	0
saNkara	1	1	puM	0
saNkasuka	1	1	tri	0
saNkawa	1	1	puM	0
saNkrama	1	1	puMklI	0
saNkzepa	1	1		0
saNkzepaRa	1	1	klI	0
saYcArikA	1	1	strI	0
saYjavana	1	1	klI	0
saYjvara	1	1	puM	0
sadA	1	1	a	1
sadAdAna	1	1		1
sadAnIrA	1	1	strI	1
sadvftta	1	1		1
sagDi	1	1	strI	1
sahArTa	1	1		1
sahaBojana	1	1	klI	1
sahacarI	1	1	puMstrI	1
sahasA	1	1	a	1
sahasradaMzwra	1	1	puM	1
sahasrin	1	1	puM	1
sajambAla	1	1	tri	1
sajjanA	1	1	strI	0
sakTi	1	1	klI	1
salilasTiti	1	1		0
samAhfti	1	1	strI	1
samAkarzin	1	1	puM	1
samAlamBa	1	1	puM	1
samApti	1	1		1
samAsArTA	1	1	strI	1
samBAvanA	1	1		1
samBAzA	1	1		1
samBeda	1	1	puM	1
samaDika	1	1	tri	1
samakzmA	1	1		0
samala	1	1		1
samarDaka	1	1	tri	1
samasana	1	1	klI	1
samasyA	1	1	strI	1
samazWilA	1	1	strI	1
sambADa	1	1	puM	1
sambadDArTa	1	1		0
samfdDa	1	1	tri	1
sammArjanI	1	1	strI	0
sammUrcCana	1	1	klI	0
sammfzwa	1	1	tri	1
sampraDAraRA	1	1	strI	0
sampraDAraRa	1	1		1
sampradAya	1	1	puM	1
sampratyaya	1	1		1
sampuwaka	1	1	puM	1
samucCraya	1	1	puM	1
samudData	1	1	tri	1
samudakta	1	1	tri	1
samudgaka	1	1	puM	1
samutpiYja	1	1	puM	1
sanA	1	1	a	1
sanABi	1	1	puM	1
sanDAna	1	1	klI	0
sanDyAdi	1	1		0
sanatkumAra	1	1	puM	1
sandAna	1	1	klI	0
sandeSahara	1	1	puM	0
sandeSavAc	1	1	strI	0
sani	1	1	strI	1
sanizWIva	1	1	klI	1
sanmatiniScaya	1	1		0
sanniDi	1	1	puM	0
sannikarzaRa	1	1	klI	0
sannivizwodgama	1	1		0
santApa	1	1	puM	0
santoza	1	1		0
sapIti	1	1	strI	1
sapiRqa	1	1	puM	1
saraka	1	1	puM	1
saramA	1	1	strI	1
sarawa	1	1	puM	1
sarparAja	1	1	puM	1
sarvAnnIna	1	1	tri	1
sarvAnnaBojin	1	1	tri	1
sarvaDurAvaha	1	1	puM	1
sarvaDurIRa	1	1	puM	1
sarvadA	1	1	a	1
sarvalA	1	1	strI	1
sarvaliNgin	1	1	puM	1
sasya	1	2	klI	1
sasyaSUka	1	2	klI	0
sasyamaYjarI	1	1	strI	1
satIrTya	1	1	puM	1
satfzRa	1	1		1
satrin	1	1	puM	0
sattA	1	1		1
sattvAdi	1	1		0
satyAnfta	1	1	klI	1
satyavAk	1	1	puM	0
savya	1	1	tri	1
sawA	1	1	strI	1
secana	1	1	klI	1
sekapAtra	1	1	klI	1
senArakza	1	1	puM	1
sevita	1	1		1
sfRi	1	1	strI	1
sfga	1	1	puM	1
siDma	1	1	klI	1
siDmala	1	1	tri	1
siMhARa	1	1	klI	1
siMhanAda	1	1	puM	1
siNGARa	1	1	puM	1
sikTaka	1	1	klI	1
sikatAmaya	1	1	klI	1
sikatAvat	1	1	tri	1
sikatila	1	1	tri	1
silhaka	1	1		1
sinDusaNgama	1	1	puM	0
sindUra	1	1	klI	1
sitAmBoja	1	1	klI	1
sitaKadira	1	1		0
skanDaSAKA	1	1	strI	1
skanDadeSa	1	1	puM	1
smita	1	1	klI	1
snAnIya	1	1		1
snAyu	1	1	strI	1
snava	1	1	puM	1
soQa	1	1	tri	1
socCraya	1	1		1
solluRWana	1	1	klI	1
somadEvata	1	1		0
somapITin	1	1	puM	1
sopAna	1	1	klI	1
sotprAsa	1	1	puM	1
spfzwi	1	1	strI	1
srava	1	1	puM	1
sravadgarBA	1	1	strI	1
stambaGana	1	1	puM	1
stambaGna	1	1	puM	1
stana	1	1	puM	1
strERagarBa	1	1		0
strIBAva	1	1		1
strIDana	1	1		1
strIkawIvastrabanDa	1	1		0
strIkusuma	1	1		0
strIpuzpa	1	1		1
strIstana	1	1		0
stryAdiBfti	1	1		0
stutipAWaka	1	1	puM	1
suBagAsuta	1	1	puM	1
suDarmA	1	1	strI	1
suKasandohyA	1	1	strI	0
sucelaka	1	1	puM	1
sudAya	1	1	puM	1
suhfdaya	1	1	tri	1
sukandaka	1	1	puM	1
sukarA	1	1	strI	1
sumana	1	1	puM	1
sumanoraja	1	1	klI	0
sunizaRRaka	1	1	klI	1
supragalBa	1	1		0
supralApa	1	1	puM	1
surAmaRqa	1	1	puM	1
suraSilpin	1	1		1
susaMskfta	1	1	tri	1
suvAsinI	1	1	strI	1
suvacana	1	1	klI	1
suvratA	1	1	strI	1
svADyAya	1	1	puM	1
svEritA	1	1	strI	1
svajAtiSrezWa	1	1		0
svaka	1	1		1
svalpa	1	1		1
svanita	1	1	tri	1
svarveSyA	1	1	strI	1
svasrIya	1	1	puM	1
svayam	1	1	a	1
svedanI	1	1	strI	1
syAdvAdin	1	1	puM	1
syanda	1	1		1
syandanAroha	1	1	puM	1
tAdarTya	1	1		1
tAlamUlikA	1	1	strI	1
tAlavfntaka	1	1	klI	1
tAlu	1	1	klI	1
tAmasI	1	1	strI	1
tAmrakuwwaka	1	1	puM	1
tAntrika	1	1	puM	1
tApa	1	1		1
tApasataru	1	1	puM	1
tAra	1	2	puM	1
tArakAkzi	1	1	strI	0
tAruRya	1	1	klI	1
tEjasAvartanI	1	1	strI	1
tEjasa	1	1	klI	1
tElIna	1	1	tri	1
tElapAyikA	1	1	strI	1
tIrTaviSeza	1	1		0
tOryatrika	1	1	klI	1
tUlaSayyA	1	1		0
tUlikA	1	1	strI	1
tUryarava	1	1		0
tUzRIMSIla	1	1	tri	1
tUzRIka	1	1	tri	1
taRqulIya	1	1	puM	1
tadA	1	1	a	1
tadAnIm	1	1	a	1
tadAtva	1	1	klI	1
tamisrA	1	1	strI	1
tandrI	1	1	strI	1
tantu	1	1	puM	1
tantvAdyaMSa	1	1		0
tapaHkleSasaha	1	1	tri	1
taqAga	1	1	puMklI	1
tarRaka	1	2	puM	1
tarakzu	1	1	puM	1
tarapaRya	1	1	klI	1
tardU	1	1	puM	1
tarjanI	1	1	strI	1
tarkavidyA	1	1	strI	1
tarman	1	1	klI	1
taruBeda	1	1		0
taruRI	1	1	strI	1
tatkAla	1	1	puM	1
teja	1	1		1
temana	1	1	klI	1
tfRaDAnya	1	1	klI	1
tfRarAjAhvaya	1	1	puM	0
tiTiBeda	1	1		0
tilOdana	1	1	puM	1
tilakAlaka	1	1	puM	1
tilakalka	1	1		1
tilapeja	1	1	puM	1
tilapiYja	1	1	puM	1
tilitsa	1	1	puM	1
tilya	1	1	tri	1
tirohita	1	1	tri	1
tiryagarTa	1	1		0
titau	1	1	puM	1
titikzA	1	1	strI	1
toka	1	1	klI	1
tomara	1	1	puMklI	1
toraRa	1	1	puMklI	1
tozaRa	1	1		1
trasara	1	1	puM	1
triPalA	1	1	strI	1
trikA	1	1	strI	1
trikUwa	1	1	puM	1
trikakud	1	1	puM	1
trowi	1	1	strI	1
tucCaDAnya	1	1		1
tucCaka	1	1		1
tulyapAna	1	1	klI	1
tumbI	1	1	strI	1
tunnavAya	1	1	puM	1
turAyaRa	1	1	tri	1
turyAMSa	1	1		0
tuvara	1	1	puM	1
tuzAnala	1	1		1
tvakkzIrI	1	1	strI	1
tvarA	1	1	puMstrI	1
tvaritodita	1	1	klI	1
uBayArTa	1	1		0
uBayatas	1	1		1
uKya	1	1	tri	1
uYCaSila	1	1	klI	1
uccAvaca	1	1	tri	1
uccErGuzwa	1	1	klI	1
uccEs	1	1	a	1
uccaRqa	1	1	tri	1
udAhAra	1	1	puM	1
udBrama	1	1	puM	1
udDfta	1	1	tri	1
udGAwana	1	1	klI	1
udIcI	1	1	strI	1
udIcIna	1	1	tri	1
udUKala	1	1	klI	1
udaYc	1	1	a	1
udagBava	1	1	tri	1
udaja	1	1	puM	1
uddAna	1	1	klI	1
uddIpta	1	1		1
udgUrRa	1	1	tri	1
udgata	1	1	tri	1
udvartana	1	1	klI	1
udvega	1	2	klI|puM	1
udyama	1	1	puM	1
udyata	1	1	tri	1
udyoga	1	1		1
udyota	1	1		0
ulUKala	1	1	klI	1
ulUpin	1	1	puM	1
ulba	1	1	puMklI	1
ulkA	1	1	strI	1
ulloca	1	1	puM	1
ullola	1	1	puM	1
ulmuka	1	1	klI	1
um	1	1	a	1
umya	1	1	klI	1
unmAdavat	1	1	tri	1
unmadizRu	1	1	tri	1
unmanas	1	1	tri	1
unnAya	1	1	puM	1
unnadDa	1	1		1
unnatAnata	1	1	tri	1
unnati	1	1		1
upADyAyA	1	1	strI	0
upADyAyAnI	1	1	strI	1
upADyAya	1	1	puM	1
upAsana	1	1	klI	1
upAvftta	1	1	tri	1
upAyapUrvAramBa	1	1		0
upaBoga	1	1	puM	1
upaDA	1	2	strI	1
upaDAna	1	1	klI	1
upaGna	1	1	puM	1
upaSAya	1	1	puM	1
upaSalya	1	1	klI	1
upabarha	1	1	puM	1
upacita	1	1	tri	1
upadrava	1	1		1
upagama	1	1		1
upajApa	1	1	puM	1
upakArikA	1	1	strI	1
upakAryA	1	1	strI	1
upakaraRa	1	1		1
upalA	1	1	strI	1
upalamBa	1	1	puM	1
upamAna	1	1	klI	1
upamAtA	1	1		0
upaniDi	1	1	puM	1
upanimantraRa	1	1		1
upanyAsa	1	1	puM	1
upapati	1	1	puM	1
upaplava	1	1	puM	1
uparAga	1	2	puM	1
uparakzaRa	1	1	klI	1
upasTa	1	2	puM	1
upasara	1	1	puM	1
upaskara	1	1	puM	1
upasparSa	1	1	puM	1
upavAsa	1	1	puM	1
upavIta	1	1	klI	1
upavana	1	1	klI	1
upodDAta	1	1	puM	0
uptakfzwa	1	1	tri	1
urasila	1	1	puM	1
urasvat	1	1	puM	1
urasya	1	1	puM	1
uroBUzaRa	1	1		1
utkAra	1	1	puM	1
utka	1	1	tri	1
utkaRWA	1	1	strI	1
utkroSa	1	1	puM	1
utpAda	1	1		1
utpanna	1	1		1
utpatitf	1	1	tri	1
utpatizRu	1	1	tri	1
utsAdana	1	1	klI	1
utsAhana	1	1		1
utsAhavarDana	1	1	puM	1
utsa	1	1	puM	1
utsaNga	1	1		1
utseka	1	1		1
utsuka	1	1	tri	1
uttarAhan	1	1		0
uttaradikpati	1	1	puM	0
uttarapUrvadikpati	1	1	puM	0
uttaredyus	1	1	a	1
uwaja	1	1	puMklI	1
uzA	1	1	a	1
uzApati	1	1	puM	1
uzmaka	1	1	puM	1
uzwrikA	1	1	strI	1
vANmuKa	1	1	klI	1
vARi	1	1	strI	1
vARijya	1	2	klI	1
vAcaMyama	1	1	puM	1
vAcika	1	1	klI	1
vAdyaBARqamuKa	1	1		0
vAgISa	1	1	puM	1
vAgurA	1	1	strI	1
vAgurika	1	1	puM	1
vAhinIpati	1	1	puM	1
vAja	1	1	puM	1
vAjiSAlA	1	1	strI	1
vAkpati	1	1	klI	1
vAkyAlaNkAra	1	1		0
vAkyAramBa	1	1		0
vAkya	1	2	klI	1
vAlaDi	1	1	puM	1
vAlahasta	1	1	puM	1
vAlukA	1	1		1
vAntAnna	1	1		1
vApI	1	1	strI	1
vArI	1	1	strI	1
vArabARa	1	1	puMklI	1
vAriparRI	1	1	strI	1
vArtAvaha	1	1	puM	0
vAsU	1	1	strI	1
vAsagfha	1	1	klI	1
vAsas	1	1		1
vAsayoga	1	1	puM	1
vAsita	1	2	tri	1
vAstu	1	1	puMklI	1
vAsuki	1	1	puM	1
vAtAdi	1	1		0
vAtAsaha	1	1		1
vAtAyana	1	1	klI	1
vAtakin	1	1	tri	1
vAtamfga	1	1	puM	1
vAtapramI	1	1	puM	1
vAtarogin	1	1	tri	1
vAtyA	1	1		1
vAwyAlaka	1	1	puM	1
vAyadaRqa	1	1	puM	1
vAyasI	1	1	strI	1
vEDAtra	1	1	puM	1
vERava	1	2	klI|puM	1
vERavika	1	1	puM	1
vERika	1	1	puM	1
vESezika	1	1	puM	1
vEjanana	1	1	puM	1
vEjayantika	1	1	puM	1
vEmAtreya	1	1	puM	1
vEtAlika	1	1	puM	1
vEvaDika	1	1	puM	1
vEyAGra	1	1	tri	1
vIDra	1	1	tri	1
vIRAdaRqa	1	1	puM	1
vIRAvAda	1	1	puM	1
vITI	1	1	strI	1
vIpsA	1	1		1
vIraBAryA	1	1	strI	1
vIraRa	1	1	klI	1
vIrahan	1	1	puM	1
vIramAtf	1	1	strI	1
vIrapatnI	1	1	strI	1
vIrasU	1	1	strI	1
vIratara	1	1	klI	1
vaDya	1	1	tri	1
vaMSANkura	1	1		1
vaMSaSalAkA	1	1		1
vaMSarocanA	1	1	strI	1
vaRigBAva	1	1	puM	1
vaRijyA	1	1	strI	1
vaSakriyA	1	1	strI	1
vaSya	1	1	tri	1
vaYcita	1	1	tri	1
vahnijvAlA	1	1		1
vajranirGoza	1	1	puM	1
valaBI	1	1	strI	0
valajA	1	1	strI	0
valgu	1	1		1
valgudarSanA	1	1		0
valguvAc	1	1		0
valiBa	1	1	puM	1
valina	1	1	puM	1
valira	1	1	puM	1
vallari	1	1	strI	1
vanDyA	1	1	strI	1
vanaBeda	1	1		0
vanamakzikA	1	1	strI	1
vandAru	1	1	tri	1
vandin	1	1	puM	1
varASi	1	1	puM	1
varDamAnaka	1	1	puM	1
varDizRu	1	1	tri	1
varRaBeda	1	1		0
varRin	1	1	puM	1
varUTa	1	1	puM	1
varada	1	1	tri	1
varastrISroRi	1	1		0
varawA	1	2	puMstrI|strI	1
varga	1	2	puM	1
vartaka	1	2	puM	1
vartamAnAbda	1	1		0
vartizRu	1	1	tri	1
varzABvI	1	1	strI	1
varzAH	1	1	strIba	0
varzavara	1	1	puM	1
varzukAbda	1	1		1
vasnasA	1	1	strI	1
vasti	1	1	puMstrI	1
vastraveSman	1	1	klI	1
vasudeva	1	1	puM	1
vatsala	1	1	tri	1
vatsatara	1	1	puM	1
vazawkfta	1	1	tri	1
veDa	1	1	puM	1
veDanikA	1	1	strI	1
veRi	1	1	strI	1
veRuDma	1	1	puM	1
veRuka	1	1	klI	1
veSa	1	1	puM	1
veSmaBU	1	1	strI	1
veSman_stamBa	1	1		0
veSyAjanasamASraya	1	1	puM	1
vedAntin	1	1	puM	1
vedaBeda	1	1		0
vedanA	1	1	strIklI	1
vedikA	1	1	strI	1
vehat	1	1	strI	1
veman	1	1	puMklI	1
vepaTu	1	1	puM	1
vezavAra	1	1	puM	1
vfdDA	1	1	strI	1
vfdDasaNGa	1	1	puM	0
vfdDatva	1	1	klI	1
vfdDimat	1	1		1
vfdDokza	1	1	puM	1
vfkzaBedin	1	1	puM	1
vfnta	1	1	klI	1
vfttADyayanardDi	1	1	strI	1
vfzANga	1	1		0
vfzasyantI	1	1	strI	1
vfzwi	1	2	strI	1
viDAna	1	1		1
viDUnana	1	1	klI	1
viDavA	1	1	strI	1
viDura	1	1	klI	1
viDuvana	1	1	klI	1
viSAKA	1	1	strI	1
viSAlA	1	1	strI	1
viSAlatA	1	1	strI	1
viSAya	1	1	puM	1
viSeza	1	1	tri	1
viSrAva	1	1	puM	1
viSvastA	1	1	strI	1
vibanDa	1	1	puM	1
vidAraka	1	1	puM	1
vidan	1	1		0
vidiS	1	1	strI	1
vidruma	1	1	puM	1
vidyamAna	1	1		1
vigatArtavA	1	1	strI	1
vigra	1	1	puM	1
vihAra	1	1	puM	1
vihaNgikA	1	1	strI	0
vihasta	1	1	tri	1
vihvala	1	1	tri	1
vijaya	1	1	puM	1
vijila	1	1	tri	1
vikAsin	1	1	tri	1
vikalANga	1	1	puM	1
vikasvara	1	1	tri	1
viklava	1	1	tri	1
vikraya	1	1	puM	1
vikrayika	1	1	puM	1
vikretf	1	1	puM	1
vilApa	1	1	puM	1
vilakza	1	1	tri	1
vilamBa	1	1	puM	1
vilambita	1	1	klI	1
vimAna	1	1	puMklI	1
vimAtfja	1	1	puM	1
vimalArTaka	1	1	tri	1
vimardana	1	1	klI	1
vinASa	1	1	puM	1
vinASonmuKa	1	1	tri	1
vinyasta	1	1		1
vipAS	1	1	strI	1
vipASA	1	1	strI	1
vipAdikA	1	1	strI	1
vipaRa	1	1	puM	1
viprakAra	1	1	puM	1
viprakfta	1	1	tri	1
viprakfzwaka	1	1	tri	1
vipralApa	1	1	puM	1
vipralabDa	1	1	tri	1
viprayoga	1	1	puM	1
virajastamas	1	1	puM	1
viroDAcaraRa	1	1		0
viroDana	1	1	klI	1
visPowa	1	1	puM	1
visaMvAda	1	1	puM	1
visarpaRa	1	1	klI	1
vismayAnvita	1	1	tri	1
vismfta	1	1	tri	1
visra	1	1	klI	1
visrasA	1	1	strI	1
vista	1	1	puMklI	1
vistara	1	2	puM	1
vitardi	1	1	strI	1
vitunna	1	1	klI	1
vivAda	1	1	puM	1
vivaSa	1	1	tri	1
viveka	1	1	puM	1
viwKadira	1	1	puM	1
viwaNka	1	1	puMklI	1
viz	1	1		1
vizARI	1	1	strI	1
vizavEdya	1	1	puM	1
vizuvaM	1	1	klI	0
vizuvat	1	1	klI	1
vizwi	1	1	strI	1
vrAtya	1	1	puM	1
vrIhiBeda	1	1		1
vraRakArin	1	1		1
vraScana	1	1	puM	1
vrata	1	1	puMklI	1
vyAGrAwa	1	1	puM	1
vyAlagrAhin	1	1	puM	1
vyAma	1	2	puM	1
vyApAda	1	1	puM	1
vyApadgata	1	1		0
vyAsakta	1	1		1
vyUhapArzRi	1	1	puM	1
vyUti	1	1	strI	1
vyaDa	1	1	puM	1
vyaNgA	1	1		0
vyaYjaka	1	1	puM	1
vyajana	1	1	klI	1
vyakta	1	1	tri	1
vyakti	1	1	strI	1
vyalIka	1	1	klI	1
vyasanArta	1	1	tri	1
vyavasAya	1	1		1
vyavasiti	1	1		1
vyokAra	1	1	puM	1
vyomayAna	1	1	klI	1
yAcYA	1	1		1
yAdas	1	1	klI	1
yAjaka	1	1	puM	1
yAnANga	1	1		0
yAnamuKa	1	1	klI	1
yAnapAtra	1	1		1
yApana	1	1		1
yApyayAna	1	1	klI	1
yAvaka	1	1	puM	1
yAyajUka	1	1	puM	1
yOvana	1	1	klI	1
yUTanATa	1	1	puM	1
yUTapa	1	1	puM	1
yUpAgra	1	1	klI	1
yUpaKaRqa	1	1		0
yUpakawaka	1	1	puM	1
yaSaHpawaha	1	1	puM	1
yaTArTa	1	1	a	1
yaTAsvam	1	1	a	1
yaTAtaTam	1	1	a	1
yaTAyaTam	1	1	a	1
yadfcCA	1	1	strI	1
yajYasUtra	1	1	klI	1
yajYiyataruSAKA	1	1		0
yakft	1	1	klI	1
yantra	1	1		1
yati	1	1	puM	1
yatin	1	1	puM	1
yavAnI	1	1		1
yava	1	1	puM	1
yavasa	1	1	klI	1
yayu	1	1	puM	1
yoDasaMrAva	1	1	puM	1
yugakIlaka	1	1	puM	1
yuganDara	1	1	puM	0
yugapArSvaga	1	1	puM	1
yugapat	1	1	a	0
yukti	1	1		1
yuvati	1	1	strI	1
zaRqatAyogya	1	1	puM	1
zawkzaRakAla	1	1		0
